"","CountryName","ISO2","Year","scale20","S_GDPpercapitaUS","S_RealGDPgrowth","S_NetGGdebtGDP","S_GGbalanceGDP","S_NarrownetextdebtCARs","S_CurrentaccountbalanceGDP","ln_S_GDPpercapitaUS"
"1","Albania","AL",2015,6,4573.42,0.0372966082858168,70.22,-5.17,23.51,-10.81,8.42801656286953
"2","Albania","AL",2016,7,3945.83,-0.137225533626914,70.34,-4.06,19.71,-8.61,8.2804146040529
"3","Albania","AL",2017,7,4124.79,0.0453542093805359,70.22,-1.81,11.83,-7.57,8.32477038838196
"4","Albania","AL",2018,7,4527.94,0.0977383091017967,67.1,-1.99,12.22,-7.51,8.41802236891183
"5","Albania","AL",2019,7,5261.6,0.162029532193448,63,-1.61,7.34,-6.73,8.56819044198714
"11","Angola","AO",2015,7,5412.69,0.0293396673138837,13.03,-5.72,9.49,-2.57,8.59650147562071
"12","Angola","AO",2016,6,4170.73,-0.229453377156275,24.18,-2.92,35.31,-8.84,8.33584635942368
"13","Angola","AO",2017,5,3509.6,-0.158516614597444,50.01,-3.83,83.95,-3.05,8.163257349852
"14","Angola","AO",2018,5,4100.29,0.168306929564623,54.13,-6.31,82.67,-0.52,8.31881298189835
"15","Angola","AO",2019,5,3418.53,-0.166271166185806,73.05,1.7,79.23,7.04,8.13696591309419
"16","Argentina","AR",2015,1,13289.36,-0.0855445778920959,31.19,-4.24,116.73,-1.62,9.49471899403908
"17","Argentina","AR",2016,5,14951.86,0.125100080064051,42.57,-4.63,154.58,-2.73,9.61259098579568
"18","Argentina","AR",2017,7,12782.67,-0.145078271198366,45.46,-6.9,153.58,-2.71,9.45584562629854
"19","Argentina","AR",2018,6,14500.77,0.134408539061088,49.43,-6.29,192.21,-4.92,9.581957030447
"20","Argentina","AR",2019,1,11739.16,-0.190445748742998,75.54,-5.73,180.34,-5.23,9.37068554056671
"21","Aruba","AW",2015,13,25647.72,0.0098931071916688,33.53,-6.08,14.77,-5.07,10.1522099577592
"22","Aruba","AW",2016,13,26730.45,0.0422154483907342,34.25,-2.75,10.62,2.56,10.1935586440081
"23","Aruba","AW",2017,13,26812.53,0.00307065537617213,36.94,-1.6,1,2.73,10.1966245945509
"24","Aruba","AW",2018,13,27697.05,0.0329890539982614,36.59,0.4,-3.11,0.2,10.2290811883091
"25","Aruba","AW",2019,13,28898.6,0.0433818764092204,36.44,-0.31,-1.71,-0.29,10.2715484300206
"26","Australia","AU",2015,20,62549.61,-0.0823194648517361,12.4,-3.02,265.31,-3.12,11.0437152808636
"27","Australia","AU",2016,20,56738.19,-0.0929089725739297,13.62,-2.2,266.49,-3.69,10.9462028079598
"28","Australia","AU",2017,20,49976.66,-0.11917070318951,15.68,-2.37,318.14,-4.66,10.8193113754252
"29","Australia","AU",2018,20,54069.63,0.0818976298135969,15.89,-2.1,270.09,-2.17,10.8980279393713
"30","Australia","AU",2019,20,57398.88,0.061573382322017,17.21,-1.07,255.73,-2.76,10.9577800699222
"31","Austria","AT",2015,19,52021.12,0.0220604704127527,78.38,-2.73,108.64,2.47,10.8594050689516
"32","Austria","AT",2016,19,44492.72,-0.144718145245623,78.81,-1.01,119.27,1.73,10.7030808592655
"33","Austria","AT",2017,19,45456.74,0.0216669153964963,75.46,-1.54,109.88,2.73,10.7245163834405
"34","Austria","AT",2018,19,47683.76,0.0489920746626353,71.85,-0.74,121.38,1.55,10.7723461576904
"35","Austria","AT",2019,19,51633.64,0.0828349106697961,68.91,0.2,99.74,2.33,10.8519286770349
"36","Azerbaijan","AZ",2015,11,7939.11,0.00164141254841588,-39.36,2.82,-86.95,13.57,8.97955645727845
"37","Azerbaijan","AZ",2016,10,5532.81,-0.303094427461013,-61.57,-4.88,-85.12,-0.42,8.61845110289046
"38","Azerbaijan","AZ",2017,10,3901.56,-0.294832101590331,-41.81,-1.19,-66.95,-3.6,8.26913175213907
"39","Azerbaijan","AZ",2018,10,4165.81,0.0677293185289989,-30.13,-1.57,-67.28,4.12,8.33466601348371
"40","Azerbaijan","AZ",2019,10,4742.24,0.138371649211078,-32.74,5.9,-64.9,12.89,8.46426487690093
"41","Bahamas","BS",2015,11,28556.21,0.0198664640472572,37.21,-3.5,43.26,-20.09,10.2596297045665
"42","Bahamas","BS",2016,10,30380.42,0.0638813764151476,37.26,-2.63,47.12,-13.7,10.321553600939
"43","Bahamas","BS",2017,10,30514.89,0.00442620608931676,39.78,-5.72,33.58,-6,10.3259700401876
"44","Bahamas","BS",2018,10,30732.42,0.00712865096351312,46.18,-3.53,45.51,-12.42,10.3330734024306
"45","Bahamas","BS",2019,10,32956.23,0.0723603933565924,48.78,-1.78,42.96,-11.97,10.4029355964134
"46","Bahrain","BH",2015,11,25398.33,-0.0218379410106387,17.74,-3.39,-46.13,4.56,10.1424387028136
"47","Bahrain","BH",2016,8,22714.3,-0.105677420523318,33.74,-12.97,-51.28,-2.42,10.0307499610777
"48","Bahrain","BH",2017,7,22664.56,-0.0021898099435157,45.65,-13.47,-47.86,-4.63,10.0285577499944
"49","Bahrain","BH",2018,7,23516.09,0.0375709918921876,53.55,-10.06,-53.39,-4.11,10.0654401466963
"50","Bahrain","BH",2019,7,25115.09,0.0679959976339604,63.21,-6.3,-38.48,-6.45,10.1312241396936
"51","Bangladesh","BD",2015,8,1085.67,0.11443352939365,24.13,-3.09,22.69,0.81,6.98995258691351
"52","Bangladesh","BD",2016,8,1206.36,0.111166376523253,22.91,-3.4,13.61,1.48,7.09536284020533
"53","Bangladesh","BD",2017,8,1355.23,0.12340429059319,23.1,-3.71,12.02,1.93,7.21172646060673
"54","Bangladesh","BD",2018,8,1491.67,0.10067663791386,23.15,-4.52,17.4,-0.54,7.30765157667522
"55","Bangladesh","BD",2019,8,1618.77,0.0852065135049977,23.81,-5.64,33.54,-3.55,7.38942188058388
"56","Barbados","BB",2015,6,16832.8,0.0004850029480572,122.87,-5.55,58.89,-9.22,9.7310846429251
"57","Barbados","BB",2016,5,16833.27,2.79216767264945e-05,132.47,-6.55,61.86,-6.12,9.73111256421203
"58","Barbados","BB",2017,4,17173.43,0.0202076007810723,138.71,-3.4,61.4,-4.26,9.75111870097627
"59","Barbados","BB",2018,1,17423.24,0.0145463078721024,136.59,-3.18,64.86,-3.82,9.76556022622329
"60","Barbados","BB",2019,5,17732.23,0.0177343593958412,113.71,-9.06,79.33,-3.39,9.78313916668089
"61","Belarus","BY",2015,5,8312.82,0.0420802442980817,18.69,1.04,69.62,-6.63,9.02555418046375
"62","Belarus","BY",2016,5,5943.61,-0.285006772671608,30.1,1.39,87.79,-3.24,8.69007197186277
"63","Belarus","BY",2017,6,5021.05,-0.155218798003234,33.07,1.49,89.5,-3.38,8.52139435416079
"64","Belarus","BY",2018,6,5765.55,0.148275759054381,30.86,2.95,72.68,-1.74,8.6596558314483
"65","Belarus","BY",2019,6,6296.67,0.0921195722871191,27.4,4.04,60.13,-0.06,8.74777620120793
"66","Belgium","BE",2015,18,48014.81,0.0213863382787929,98.76,-3.06,67.23,0.77,10.7792647839675
"67","Belgium","BE",2016,18,41246.18,-0.140969629995412,97.22,-2.41,76.94,1.38,10.627313781414
"68","Belgium","BE",2017,18,42277.48,0.0250035275994045,96.74,-2.36,85.03,0.55,10.6520098355589
"69","Belgium","BE",2018,18,44537.58,0.0534587208130664,93.55,-0.71,85.9,1.23,10.7040886061516
"70","Belgium","BE",2019,18,47735.92,0.0718121640196885,92.05,-0.74,80.52,-1,10.7734394333165
"71","Belize","BZ",2015,5,4717.08,0.0256483849084173,64.94,-3.86,55.67,-7.56,8.4589452430726
"72","Belize","BZ",2016,1,4785.37,0.0144771765583793,74.37,-7.43,64.85,-9.75,8.47331862587151
"73","Belize","BZ",2017,5,4779.89,-0.00114515700980267,80.85,-4.04,75.01,-8.4,8.47217281266841
"74","Belize","BZ",2018,5,4802.05,0.00463608995186071,86.91,-1.65,83.74,-7.73,8.47679818905519
"75","Belize","BZ",2019,5,4833.35,0.00651804958299063,84.67,-1.02,77.75,-7.89,8.48329508801047
"80","Benin","BJ",2019,7,907.49,0.0967574296315097,44.31,-3.93,66.03,-8.45,6.81068254679455
"81","Bermuda","BM",2015,16,86984.23,0.00256229922067197,-7.45,-4.59,-48.91,13.95,11.3734821168385
"82","Bermuda","BM",2016,16,90220.58,0.0372061694401389,-5.38,-3.21,-54.31,15.06,11.4100128396715
"83","Bermuda","BM",2017,16,95464.69,0.0581254299185396,-2.78,-2.91,-53.86,13.69,11.4665117198789
"84","Bermuda","BM",2018,16,98080.19,0.0273975644816948,-0.57,-1.82,-56.93,13.69,11.4935406883623
"85","Bermuda","BM",2019,16,99449.73,0.0139634721343831,2.62,-1.54,-54.21,15.48,11.5074075693463
"86","Bolivia","BO",2015,9,3124.08,0.061738297048008,8.31,-2.5,-66.96,1.73,8.04689511882632
"87","Bolivia","BO",2016,9,3077.03,-0.0150604337917082,13.89,-4.46,-70.32,-5.87,8.03172012503077
"88","Bolivia","BO",2017,9,3116.72,0.0128988017666385,16.42,-2.99,-45.73,-5.73,8.04453644576767
"89","Bolivia","BO",2018,8,3393.96,0.0889524885135655,20.63,-5.03,-27.44,-4.99,8.12975266022089
"90","Bolivia","BO",2019,8,3592.11,0.0583831276738678,24.83,-5.97,-6.24,-4.94,8.18649505256121
"91","Bosnia and Herzegovina","BA",2015,6,5204.35,0.0320460066432007,34.73,-2.03,40.63,-7.25,8.55725009332777
"92","Bosnia and Herzegovina","BA",2016,6,4584.26,-0.119148404699915,34.53,0.66,38.17,-5.07,8.4303839758088
"93","Bosnia and Herzegovina","BA",2017,6,4808.53,0.0489217452762276,32.57,1.24,31.45,-4.71,8.47814670308493
"94","Bosnia and Herzegovina","BA",2018,6,5148.35,0.0706702464162645,26.81,2.57,24.51,-4.35,8.54643155397295
"95","Bosnia and Herzegovina","BA",2019,6,5664.93,0.100338943545019,23.64,2.24,17.89,-3.77,8.6420498168103
"96","Botswana","BW",2015,14,7493.78,0.0703855586551083,-9.39,3.66,-54.01,10.67,8.92182862210392
"97","Botswana","BW",2016,14,6527.5,-0.128944271115512,-7.74,-4.79,-62.49,2.2,8.78377930057328
"98","Botswana","BW",2017,14,6953.14,0.0652072003063962,-3.33,0.66,-52.87,7.75,8.84694863508975
"99","Botswana","BW",2018,14,7595.15,0.0923338232798419,-4.85,-1.1,-64.98,6.39,8.93526516467027
"100","Botswana","BW",2019,14,7963.49,0.0484967380499397,-1.41,-3.34,-56.7,2.67,8.98262262496178
"101","Brazil","BR",2015,10,12099.4,-0.0151824078437693,44.61,-5.82,31.09,-4.13,9.40091114357851
"102","Brazil","BR",2016,9,8804.87,-0.272288708531001,49.75,-10.06,9.66,-3.02,9.08306025648287
"103","Brazil","BR",2017,9,8715.13,-0.0101920868791932,52.37,-8.88,-0.93,-1.35,9.07281587465296
"104","Brazil","BR",2018,8,9914.03,0.137565360470814,56.45,-7.69,-6.43,-0.73,9.20170620459974
"105","Brazil","BR",2019,8,8992.41,-0.0929611873274542,57.35,-7.05,-8.51,-2.2,9.10413616717941
"106","Bulgaria","BG",2015,10,7850.73,0.028717550910232,17.43,-5.43,-3.17,1.24,8.96836180008339
"107","Bulgaria","BG",2016,10,7029.9,-0.104554608297572,18.09,-1.71,-16.15,0.12,8.85792775995247
"108","Bulgaria","BG",2017,11,7518.23,0.0694647150030583,16.92,0.09,-24.15,3.19,8.92508601689904
"109","Bulgaria","BG",2018,11,8300.86,0.104097640003033,14.65,1.1,-30.02,3.5,9.02411440287491
"110","Bulgaria","BG",2019,12,9389.91,0.131197249441624,12.59,1.75,-32.47,5.36,9.14739098749184
"111","Burkina Faso","BF",2015,5,691.47,0.00127427272332348,26.04,-2.21,61.34,-8.06,6.53881976621576
"112","Burkina Faso","BF",2016,5,563.21,-0.1854888859965,29.37,-1.39,60.03,-8.59,6.33365256036802
"113","Burkina Faso","BF",2017,6,571.95,0.0155181903730404,30.03,-3.41,47.84,-7.17,6.34905157497168
"114","Burkina Faso","BF",2018,6,629.1,0.099921321793863,31.42,-7.84,62.24,-7.42,6.44429022657598
"115","Burkina Faso","BF",2019,6,698.59,0.110459386425052,35.79,-4.87,58.95,-5.9,6.54906401792731
"121","Cameroon","CM",2015,6,1571.18,0.0518359832635984,16.2,-4.17,24.87,-4.01,7.35958220839495
"122","Cameroon","CM",2016,6,1353.93,-0.138271872096132,19.7,-4.42,39.71,-3.79,7.21076675346519
"123","Cameroon","CM",2017,6,1391.75,0.0279334973004512,23.41,-6.09,68.41,-3.22,7.23831722706362
"124","Cameroon","CM",2018,6,1451.87,0.0431974133285431,24.28,-4.87,77.07,-3.39,7.2806076596961
"125","Cameroon","CM",2019,6,1566.82,0.079173755226019,28.76,-2.49,81.4,-3.52,7.35680336658128
"126","Canada","CA",2015,20,50893.32,-0.0334118733873048,39.64,0.23,99.9,-2.4,10.8374869562052
"127","Canada","CA",2016,20,43585.45,-0.143591929156911,40.89,-0.01,118.51,-3.54,10.6824786580454
"128","Canada","CA",2017,20,42378.69,-0.0276872213089459,41.98,-0.36,129.74,-3.2,10.6544009205376
"129","Canada","CA",2018,20,45160.78,0.0656483246650614,38.18,-0.26,122.35,-2.81,10.7179842900365
"130","Canada","CA",2019,20,46211.95,0.02327617016358,37.77,-0.34,108.49,-2.64,10.7409937016323
"131","Cape Verde","CV",2015,6,3532.99,-0.00699294802789308,98.65,-7.81,96.62,-9.08,8.16989981689944
"132","Cape Verde","CV",2016,6,2996.36,-0.151891174331091,106.04,-4,115.07,-3.17,8.00515349763207
"133","Cape Verde","CV",2017,6,3082.16,0.0286347434887664,105.23,-3.5,96.69,-3.86,8.03338592887389
"134","Cape Verde","CV",2018,6,3239.07,0.0509091027071924,103.42,-3.1,105.44,-7.98,8.08304153054632
"135","Cape Verde","CV",2019,6,3575.07,0.103733479054173,106.38,-2.64,93.16,-4.78,8.181740035356
"136","Chile","CL",2015,17,14640.22,-0.0738422569568331,0.66,-1.49,21.53,-1.65,9.5915278147248
"137","Chile","CL",2016,17,13552.66,-0.0742857689297018,2.67,-2.08,29.16,-2.32,9.51433811700467
"138","Chile","CL",2017,16,13730.46,0.013119195788871,7.1,-2.65,25.36,-1.58,9.52737200147829
"139","Chile","CL",2018,16,15019.11,0.0938533741768304,10.83,-2.61,34.66,-2.15,9.61707866923495
"140","Chile","CL",2019,16,15906.38,0.0590760704196187,12.85,-1.46,42.5,-3.07,9.67447556558755
"141","China","CN",2015,17,7631.47,0.0850343859788807,11.79,-0.58,-99.13,2.26,8.9400357662723
"142","China","CN",2016,17,8013.53,0.0500637491859366,61.96,-2.3,-101.67,2.76,8.98888664210916
"143","China","CN",2017,16,8055.18,0.00519745979611996,58.43,-2.78,-97.84,1.82,8.99407064173011
"144","China","CN",2018,16,8735.88,0.0845046293192702,50.79,-2.39,-83.77,1.61,9.07519396162661
"145","China","CN",2019,16,9752.29,0.11634889673393,52.47,-2.84,-71.41,0.36,9.1852574082087
"146","Colombia","CO",2015,12,8247.18,-0.0127441450672999,29.73,-1.54,66.16,-5.19,9.01762660271376
"147","Colombia","CO",2016,12,6282.47,-0.238228097361765,34.45,-3,97.57,-6.33,8.74551849423723
"148","Colombia","CO",2017,11,5986.85,-0.0470547412084737,34.87,-2.8,123.77,-4.26,8.69732067632721
"149","Colombia","CO",2018,11,6531.37,0.0909526712712025,36.53,-2.32,117.54,-3.28,8.78437200118418
"150","Colombia","CO",2019,11,6858.35,0.0500630036271104,40.21,-1.97,113.14,-3.93,8.83322216700787
"151","Congo","CG",2015,6,2910.52,-0.018231986426362,16.69,-6.61,-13.87,4.79,7.97608703835971
"152","Congo","CG",2016,5,1711.34,-0.412015722276432,40.6,-11.91,91.02,-54.15,7.44503196835336
"153","Congo","CG",2017,4,1518.59,-0.11263103766639,92.22,-8.8,200.03,-63.5,7.32553755174494
"154","Congo","CG",2018,5,1694.5,0.115837717883036,109.5,-4.65,162.42,-5.94,7.43514299104711
"155","Congo","CG",2019,5,1911.32,0.127955149011508,97.28,6.78,110.13,11.3,7.55554938181784
"156","Congo D.R.","CD",2015,5,487.08,0.0629364525139664,11.58,0.4,15.52,-4.8,6.18842838063881
"157","Congo D.R.","CD",2016,5,497.63,0.0216596862938327,11.18,-0.27,18.93,-3.91,6.20985682899671
"158","Congo D.R.","CD",2017,4,471.64,-0.0522275586278963,14.08,-1.12,19.35,-4.05,6.15621598270847
"159","Congo D.R.","CD",2018,4,467.41,-0.00896870494444912,14.1,0.28,17.24,-3.27,6.14720681682668
"160","Congo D.R.","CD",2019,4,562.47,0.203376051004472,10.38,-0.09,18.46,-4.59,6.33233779932297
"161","Cook Islands","CK",2015,7,23191.16,0.073480931507103,13.71,-4.31,5.32,34.88,10.0515264505596
"162","Cook Islands","CK",2016,7,23666.85,0.0205116949734294,12.66,-4.58,-4.46,22.72,10.0718306138042
"163","Cook Islands","CK",2017,7,23469.36,-0.00834458324618603,7.45,-1.74,-10.25,36.31,10.0634510196194
"164","Cook Islands","CK",2018,7,26717.98,0.138419624565817,-0.27,6.82,-20.43,16.73,10.1930920259905
"165","Cook Islands","CK",2019,7,31044.87,0.161946748968298,-6.83,3.99,-23.93,15.88,10.3431888563204
"166","Costa Rica","CR",2015,9,10553.27,0.00422978031786636,40.25,-5.48,42.9,-4.85,9.26419104348546
"167","Costa Rica","CR",2016,8,11291.85,0.0699858906291604,42.85,-5.66,58.72,-3.51,9.33183650554445
"168","Costa Rica","CR",2017,8,11642.81,0.0310808237799829,45.5,-4.77,58.82,-2.2,9.36244410108569
"169","Costa Rica","CR",2018,7,11709.36,0.00571597406468038,47.27,-5.49,57.33,-2.95,9.36814380095641
"170","Costa Rica","CR",2019,7,11959.46,0.0213589811911155,51.8,-5.07,61.07,-3.1,9.38927787598364
"171","Croatia","HR",2015,9,13600.23,-0.00307721402910521,74.55,-5.35,99.05,0.12,9.51784198334585
"172","Croatia","HR",2016,9,11782.91,-0.133624210767024,76.1,-3.32,90.78,3.25,9.37440545556145
"173","Croatia","HR",2017,9,12360.64,0.0490311816011495,74.65,-1.11,71.36,2.23,9.42227250960642
"174","Croatia","HR",2018,10,13412.38,0.0850878271675253,71.76,0.8,58.34,3.83,9.50393344002102
"175","Croatia","HR",2019,11,14901.16,0.111000433927461,68.94,0.26,40.01,1.71,9.60919434125221
"176","Curacao","CW",2015,14,20611.65,0.0139835886537383,-38.92,-0.99,-45.93,-16.01,9.93361172890418
"177","Curacao","CW",2016,14,20295.36,-0.0153452052601321,-37.76,-4.57,-53.34,-16.48,9.91814756747488
"178","Curacao","CW",2017,14,19922.59,-0.0183672524163159,-38.33,-2.91,-49.28,-18.74,9.89960954276703
"179","Curacao","CW",2018,14,19902.11,-0.00102797879191407,-35.65,1.09,-55.26,-21.86,9.89858103524254
"180","Curacao","CW",2019,13,20017.24,0.00578481377100215,-27.53,-3.03,-53.32,-28.71,9.90434918122749
"181","Cyprus","CY",2015,8,26954.77,-0.0234157588818115,98.84,-8.73,219.64,-5.82,10.2019155551096
"182","Cyprus","CY",2016,9,23351.55,-0.133676525527764,99.38,-0.97,172.83,-1.03,10.0584186420502
"183","Cyprus","CY",2017,10,24625.66,0.0545621168616217,92.32,0.09,84.35,-0.42,10.1115442677116
"184","Cyprus","CY",2018,11,26484.32,0.0754765557552568,87.08,1.66,49.03,-3.09,10.1843081387387
"185","Cyprus","CY",2019,11,28885.33,0.0906577929884551,93.9,-4.38,35.02,-4.41,10.271089132765
"186","Czech Republic","CZ",2015,17,19768.84,-0.00721506228998747,34.18,-2.1,4.69,0.28,9.89186223968349
"187","Czech Republic","CZ",2016,17,17728.7,-0.103199783092989,32.82,-0.61,1.5,0.14,9.78294007432704
"188","Czech Republic","CZ",2017,17,18485.24,0.0426731796465618,28.02,0.72,-5.53,1.64,9.82472785478658
"189","Czech Republic","CZ",2018,17,20409.98,0.104123073327693,24.02,1.56,-7.93,1.46,9.9237792758916
"190","Czech Republic","CZ",2019,17,23112.59,0.132416102318572,22.02,1.1,-6.91,0.34,10.0481327696846
"191","Denmark","DK",2015,20,62729.5,0.0228928939603996,25.61,1.14,54.07,8.88,11.0465871103911
"192","Denmark","DK",2016,20,53478.5,-0.147474473732454,23.37,-1.33,54.61,8.24,10.8870349829542
"193","Denmark","DK",2017,20,54862.83,0.0258857297792572,20.3,-0.07,52.61,7.76,10.912591349016
"194","Denmark","DK",2018,20,57302.19,0.0444628904487792,17.5,1.45,49.13,7.8,10.9560941218678
"195","Denmark","DK",2019,20,61522.86,0.0736563471657889,16.24,0.55,47.49,6.97,11.0271640920456
"196","Dominican Republic","DO",2015,8,6797.19,0.0610413430843799,41.33,-5.05,86.98,-3.23,8.82426457046485
"197","Dominican Republic","DO",2016,8,7130.57,0.0490467384316167,41.01,-4.5,81.07,-1.8,8.87214645411202
"198","Dominican Republic","DO",2017,8,7514.08,0.0537839190976317,43.07,-3.99,80.41,-1.08,8.92453387286989
"199","Dominican Republic","DO",2018,8,7866.72,0.0469305623576006,44.46,-4.35,80.88,-0.17,8.97039648198363
"200","Dominican Republic","DO",2019,8,8333.74,0.0593665466674802,45.29,-3.7,75.43,-1.36,9.02806761399155
"201","Ecuador","EC",2015,6,6347,0.0524832103474007,25.11,-5.53,41.84,-0.66,8.75573753930647
"202","Ecuador","EC",2016,6,6099.35,-0.0390184339057822,29.39,-4.54,76.19,-2.24,8.71593748710671
"203","Ecuador","EC",2017,5,6046.3,-0.00869764811004459,37.2,-5.74,97.05,1.32,8.70720179369159
"204","Ecuador","EC",2018,5,6216.61,0.0281676397135437,43.79,-4.96,119.56,-0.47,8.73498002108081
"205","Ecuador","EC",2019,5,6367.59,0.024286548456474,44.8,-1.96,122.61,-1.37,8.75897634102934
"206","Egypt","EG",2015,5,3473.47,0.027431945171605,77.85,-12.12,21.48,-0.92,8.15290937327399
"207","Egypt","EG",2016,5,3738.18,0.0762090935001598,78.72,-11.63,27.93,-3.65,8.22635414094924
"208","Egypt","EG",2017,5,3658.53,-0.0213071601688521,84.69,-13.67,60.35,-5.96,8.20481670637247
"209","Egypt","EG",2018,6,2472.37,-0.324217650258437,88.79,-10.56,67.64,-6.12,7.81293248375259
"210","Egypt","EG",2019,6,2583.88,0.0451024725263613,81.78,-9.59,68.78,-2.38,7.85704742419566
"211","El Salvador","SV",2015,7,3595.79,0.0227079452210641,62.65,-4.02,94.05,-5.37,8.18751899566602
"212","El Salvador","SV",2016,5,3713,0.0325964530742897,64.07,-3.63,84.51,-3.22,8.21959545417708
"213","El Salvador","SV",2017,4,3806.96,0.0253056827363318,65.53,-3.11,90.58,-2.28,8.24458624936644
"214","El Salvador","SV",2018,5,3908.52,0.0266774539264925,66.27,-2.53,89.51,-1.86,8.27091406469987
"215","El Salvador","SV",2019,5,4064.31,0.0398590770931195,65.9,-2.73,78.73,-4.77,8.30999926587674
"216","Estonia","EE",2015,17,20414.01,0.0626181286290963,-5.36,0.7,27.77,0.71,9.92397670882322
"217","Estonia","EE",2016,17,17521.91,-0.141672312299249,-3.31,0.14,29.49,1.76,9.77120737681316
"218","Estonia","EE",2017,17,18251.75,0.0416529933095193,-3.3,-0.52,26.54,1.66,9.8120162448244
"219","Estonia","EE",2018,17,20361.5,0.115591655594669,-3.07,-0.77,26.31,2.67,9.92140114182101
"220","Estonia","EE",2019,17,23209.49,0.139871325786411,-3.27,-0.56,18.8,1.98,10.0523165257397
"221","Fiji","FJ",2015,7,5622.27,0.0653565419073174,40.1,-3.97,16.54,-5.78,8.63449077592695
"222","Fiji","FJ",2016,7,5397.06,-0.0400567742210887,41.24,-3.82,18.73,-3.5,8.59360963984423
"223","Fiji","FJ",2017,7,5658.49,0.048439335490063,39.21,-1.33,13.56,-3.67,8.64091235115163
"224","Fiji","FJ",2018,7,6049.8,0.0691544917460312,36.34,-1.91,14.56,-6.69,8.70778049262722
"225","Fiji","FJ",2019,8,6219.72,0.0280868789050879,40.56,-4.31,15.75,-8.49,8.7354801686428
"226","Finland","FI",2015,19,50421.77,0.00834243082787767,21.73,-2.99,197.1,-1.33,10.8281783052428
"227","Finland","FI",2016,19,42888.81,-0.149398960012709,23.51,-2.42,210.64,-0.93,10.6663662317308
"228","Finland","FI",2017,19,43870.88,0.0228980472995171,24.18,-1.73,223.57,-2.03,10.6890060532251
"229","Finland","FI",2018,19,46348.46,0.0564743629487259,21.51,-0.69,246.89,-0.76,10.7439433449836
"230","Finland","FI",2019,19,50223.56,0.083607955906194,20.35,-0.83,208.14,-1.37,10.8242395182915
"231","France","FR",2015,18,43192.06,0.00731064151129979,87.92,-3.9,248.43,-0.96,10.6734119610433
"232","France","FR",2016,18,36701.41,-0.150274147609537,88.06,-3.63,261.47,-0.37,10.5105704529232
"233","France","FR",2017,18,37088.89,0.0105576325269245,90.59,-3.54,263.74,-0.49,10.5210727428317
"234","France","FR",2018,18,38835.49,0.0470922694100577,90.38,-2.77,289.31,-0.71,10.5670897982584
"235","France","FR",2019,18,41547.66,0.0698374090297305,90.01,-2.53,236.99,-0.64,10.6345964810082
"241","Georgia","GE",2015,8,4441.76,0.0232843165487515,31.62,-2.73,72.46,-10.81,8.39880597327837
"242","Georgia","GE",2016,8,3759.7,-0.153556247973776,37.12,-2.48,95.2,-12.63,8.23209444596673
"243","Georgia","GE",2017,8,3856.07,0.0256323642843845,40.06,-2.81,104.93,-13.12,8.25740380909263
"244","Georgia","GE",2018,8,4047.12,0.0495452624044688,39.93,-3.19,90.67,-8.67,8.30576079603004
"245","Georgia","GE",2019,9,4346.22,0.0739044060961871,40.27,-2.33,83.28,-7.36,8.37706178079609
"246","Germany","DE",2015,20,48151.7,0.0384602776548491,70.91,0.58,77.35,7.2,10.7821117229374
"247","Germany","DE",2016,20,41403.51,-0.140144377041724,67.39,0.94,74.68,8.58,10.6311209388283
"248","Germany","DE",2017,20,42216.08,0.0196256307738161,64.06,1.18,69.38,8.47,10.6505564700998
"249","Germany","DE",2018,20,44423.07,0.0522784209239702,59.36,1.24,67.55,8.07,10.7015142080724
"250","Germany","DE",2019,20,47706.11,0.0739039422534282,56.37,1.87,53.58,7.36,10.7728147609165
"251","Ghana","GH",2015,5,1988,-0.172294343456212,47.16,-7.37,118.44,-6.89,7.59488438721652
"252","Ghana","GH",2016,5,1783.05,-0.103093561368209,52.29,-5.35,128.07,-5.74,7.48608066009474
"253","Ghana","GH",2017,5,1950.23,0.0937606909508988,52.82,-7.93,135.16,-5.16,7.57570259332034
"254","Ghana","GH",2018,6,2046.09,0.049153176804787,51.25,-4.84,125.83,-3.39,7.62368593381391
"255","Ghana","GH",2019,6,2224.17,0.0870342946791198,54.09,-7.43,119.13,-3.16,7.70713909129809
"256","Greece","GR",2015,4,21721.36,-0.00380749188924434,172.82,-3.56,407.31,-0.74,9.98605138718892
"257","Greece","GR",2016,5,18112.72,-0.166133243958942,170.62,-5.61,461.29,-0.81,9.80436973286297
"258","Greece","GR",2017,5,18115.64,0.000161212672640909,170.24,0.49,452,-1.73,9.80453093254225
"259","Greece","GR",2018,7,18906.78,0.0436716560938504,168.06,0.72,441.47,-1.89,9.84727586687819
"260","Greece","GR",2019,8,20309.41,0.074186614537219,161.26,0.99,366.33,-2.83,9.91883960442328
"266","Guatemala","GT",2015,9,4218.62,0.0711724796359869,19.06,-1.89,37.67,-2.09,8.34726333933124
"267","Guatemala","GT",2016,9,4500.08,0.0667185003626778,18.48,-1.44,39.69,-0.15,8.41185045337817
"268","Guatemala","GT",2017,8,4759.92,0.0577411957120764,17.25,-1.07,35.04,1.49,8.46798614036154
"269","Guatemala","GT",2018,8,5149.4,0.0818249046202457,16.45,-1.31,26.89,1.57,8.54663548201619
"270","Guatemala","GT",2019,8,5264.79,0.0224084359342838,16.2,-1.76,19.89,0.85,8.56879653773272
"276","Honduras","HN",2015,7,2326.64,0.0515839476431743,31.97,-2.7,19.7,-6.99,7.75218044570458
"277","Honduras","HN",2016,7,2429.18,0.0440721383626173,32.49,-0.78,20.42,-4.7,7.79530903082635
"278","Honduras","HN",2017,8,2472.95,0.0180184259709038,32.72,-0.4,18.63,-2.63,7.81316704895875
"279","Honduras","HN",2018,8,2587.33,0.0462524515255061,34.55,-0.42,17.75,-0.19,7.85838173493216
"280","Honduras","HN",2019,8,2641.21,0.0208245565892253,33.5,0.2,20.08,-5.31,7.87899242447106
"281","Hong Kong","HK",2015,20,40315.37,0.0497760897494988,-30.16,3.2,-57.03,1.39,10.6044880648024
"282","Hong Kong","HK",2016,20,42432.16,0.0525057812938341,-30.13,0.6,-59.7,3.32,10.6556618442775
"283","Hong Kong","HK",2017,19,43734.53,0.0306929932390902,-31.89,4.46,-69.85,3.96,10.6858932292545
"284","Hong Kong","HK",2018,19,46225.49,0.0569563683432748,-35.98,5.59,-65.5,4.65,10.7412866565236
"285","Hong Kong","HK",2019,19,48675.62,0.0530038729713844,-35.18,2.37,-59.3,4.29,10.7929335677042
"286","Hungary","HU",2015,10,14230.39,0.0413338953308833,72.87,-2.75,42.96,1.19,9.56313509759519
"287","Hungary","HU",2016,11,12635.47,-0.112078446198593,73.42,-1.97,39,2.36,9.44426321738926
"288","Hungary","HU",2017,11,12970.62,0.0265245376705419,71.12,-1.76,32.25,4.52,9.47044207878941
"289","Hungary","HU",2018,11,14443.45,0.113551241189704,69.98,-2.38,30.36,2.26,9.57799630357765
"290","Hungary","HU",2019,12,16146.14,0.117886654504291,66.28,-2.29,22.48,-0.54,9.68943629079561
"291","Iceland","IS",2015,12,54527.56,0.094586942055358,54.43,-0.07,58.26,5.71,10.9064615409076
"292","Iceland","IS",2016,13,52838.36,-0.0309788297880924,46.32,-0.8,143.4,5.99,10.8749927210615
"293","Iceland","IS",2017,15,62004.7,0.173478889200952,39.09,-2.99,55.73,7.57,11.0349654676057
"294","Iceland","IS",2018,15,72283.29,0.165771143155277,35.49,0.54,50.73,3.78,11.1883482611025
"295","Iceland","IS",2019,15,74515.5,0.0308814111809246,27.27,0.82,38,2.81,11.2187624364188
"296","India","IN",2015,11,1576,0.0852574387648999,66.51,-7.2,16.12,-1.31,7.36264527041782
"297","India","IN",2016,11,1606.95,0.0196383248730965,68.53,-7.35,16.14,-1.05,7.38209325137668
"298","India","IN",2017,11,1729.71,0.0763931671800615,67.63,-7.38,10.61,-0.63,7.45570904338253
"299","India","IN",2018,11,1980.5,0.144989622537882,68.06,-7.4,9.45,-1.83,7.59110461706197
"300","India","IN",2019,11,2009.61,0.0146983085079524,68.13,-6.5,11.17,-2.1,7.60569595237615
"301","Indonesia","ID",2015,10,3491.6,-0.0356480982801526,22.88,-2.15,81.59,-3.09,8.15811536286119
"302","Indonesia","ID",2016,10,3334.55,-0.0449793790812234,25.24,-2.6,104.3,-2.04,8.11209301671178
"303","Indonesia","ID",2017,11,3568.83,0.0702583557001693,26.24,-2.5,100.02,-1.82,8.17999308996568
"304","Indonesia","ID",2018,11,3846.41,0.0777789919945753,26.31,-2.5,93.98,-1.59,8.25489552473107
"305","Indonesia","ID",2019,12,3903.21,0.0147670165167,27.31,-1.7,98.44,-2.93,8.26955457049876
"307","Iraq","IQ",2016,5,4617.78,-0.29229750667813,49.95,-13.65,1.95,-1.66,8.43766934910878
"308","Iraq","IQ",2017,5,4478.25,-0.0302158179904629,58.27,-14.58,23.1,1.3,8.40698762409521
"309","Iraq","IQ",2018,5,4980.95,0.112253670518618,50.72,-1.66,18.54,7.81,8.51337591487795
"310","Iraq","IQ",2019,5,5386.92,0.0815045322679409,35.03,8.32,-7.67,16.19,8.59172907200409
"311","Ireland","IE",2015,16,55805.14,0.0781249849066745,94.7,-3.65,333.74,1.08,10.9296212588224
"312","Ireland","IE",2016,16,62342.23,0.117141360096937,68.86,-1.95,258.45,4.4,11.0403943242568
"313","Ireland","IE",2017,16,63628.52,0.0206327235968298,65.71,-0.69,227.91,-4.19,11.0608170764875
"314","Ireland","IE",2018,16,70159.25,0.102638408059782,58.88,-0.31,214.77,0.49,11.1585229371372
"315","Ireland","IE",2019,17,79225.24,0.12922016697727,53.52,0.05,197.64,10.58,11.2800502139013
"321","Israel","IL",2015,16,37733.59,0.0382252302423047,63.44,-2.67,-24.58,4.04,10.5383059581801
"322","Israel","IL",2016,16,35855.28,-0.0497781949716419,60.97,-1.57,-34.74,5.13,10.4872461155178
"323","Israel","IL",2017,16,37371.63,0.0422908425202648,59.13,-1.86,-39.11,3.51,10.5286671394036
"324","Israel","IL",2018,17,40543.58,0.0848758804472807,57.48,-1.92,-54.93,2.32,10.6101327239512
"325","Israel","IL",2019,17,41618.68,0.0265171452545632,58.18,-3.84,-47.26,2.51,10.6363043839233
"326","Italy","IT",2015,11,35569.49,-0.00883423636507519,127.02,-2.95,229.53,1.9,10.4792435269145
"327","Italy","IT",2016,11,30209.69,-0.15068532048112,127.62,-2.55,255.92,1.42,10.3159180128253
"328","Italy","IT",2017,12,30937.64,0.0240965729870117,126.39,-2.41,239.67,2.59,10.3397288445533
"329","Italy","IT",2018,12,32379.22,0.0465963143924359,126.37,-2.42,254.49,2.68,10.3852721379977
"330","Italy","IT",2019,12,34471.32,0.0646124273530986,126.97,-2.18,218.84,2.6,10.4478829529466
"331","Jamaica","JM",2015,6,5103.39,-0.0275033728933708,124.69,-0.25,131.62,-8.02,8.53766030377566
"332","Jamaica","JM",2016,6,5202.05,0.019332247780397,113.3,-0.16,114.27,-3.03,8.55680805765022
"333","Jamaica","JM",2017,6,5157.95,-0.00847742716813571,108.38,0.01,109.93,-0.31,8.54829449271459
"334","Jamaica","JM",2018,6,5426.87,0.0521369924097752,89.4,0.67,90.81,-2.6,8.59911781947394
"335","Jamaica","JM",2019,7,5763.05,0.0619473103280528,82.77,1.4,76.64,-1.83,8.65922212743582
"336","Japan","JP",2015,16,38511.36,-0.0572436795818824,147.57,-4.91,-140.26,0.76,10.5587085416878
"337","Japan","JP",2016,16,34659.26,-0.100025031575099,145.87,-3.34,-134.33,3.1,10.453320212782
"338","Japan","JP",2017,16,38906.26,0.122535795628643,147.59,-3.39,-121.78,3.98,10.5689104421093
"339","Japan","JP",2018,16,38558.01,-0.00895100171540519,146.95,-2.74,-108.11,4.13,10.5599191395089
"340","Japan","JP",2019,16,39457.66,0.0233323763337372,149.09,-2.7,-80.35,3.49,10.5829834772607
"346","Jordan","JO",2015,8,4094.78,-0.0116723065114865,62.44,-6.24,9.91,-7.23,8.31746827079026
"347","Jordan","JO",2016,8,3967.22,-0.0311518567542091,64.99,-0.67,16.05,-8.98,8.2858208765012
"348","Jordan","JO",2017,7,4000.47,0.0083811838012513,65.47,-0.05,22.06,-9.41,8.29416713319944
"349","Jordan","JO",2018,7,4030.2,0.00743162678385301,64.42,0.45,30.57,-10.57,8.30157128150087
"350","Jordan","JO",2019,7,4070.09,0.00989777182273843,62.83,-0.2,42.29,-6.77,8.31142039121426
"351","Kazakhstan","KZ",2015,12,12902.43,-0.0779994211784378,-24.19,-0.54,-35.16,2.76,9.46517094470299
"352","Kazakhstan","KZ",2016,11,10434.76,-0.191256220727413,-38.58,-8.52,-55.63,-3.26,9.25289781972596
"353","Kazakhstan","KZ",2017,11,7661.39,-0.26578186752738,-25.71,-3.99,-64.36,-5.92,8.94394870841337
"354","Kazakhstan","KZ",2018,11,8970.97,0.170932428710717,-3.36,-4.08,1.71,-3.13,9.1017490874449
"355","Kazakhstan","KZ",2019,11,9401.17,0.0479546804860567,-16.59,-1.19,-37.57,-0.03,9.14858942859769
"356","Kenya","KE",2015,7,1335.07,0.0861998828430097,37.67,-5.54,76.74,-10.38,7.19673900391664
"357","Kenya","KE",2016,7,1355.06,0.0149729976705342,41.3,-8.02,89.66,-6.7,7.21160101277626
"358","Kenya","KE",2017,7,1427.7,0.0536064823697844,45.34,-7.41,122.61,-4.89,7.26382003679517
"359","Kenya","KE",2018,7,1585.23,0.110338306366884,46.04,-8.38,134.5,-6.18,7.36848478619398
"360","Kenya","KE",2019,7,1723.91,0.0874825735066835,48.05,-6.71,131.71,-4.96,7.45235024568462
"361","Korea","KR",2015,17,29249.57,0.0760350413663382,8.32,0.69,-21.15,5.59,10.2836201516972
"362","Korea","KR",2016,18,28732.23,-0.0176870976222898,9.21,0.66,-33.75,7.17,10.2657747681745
"363","Korea","KR",2017,18,29288.87,0.0193733657290089,9.15,1.62,-46.51,6.53,10.2849628593575
"364","Korea","KR",2018,18,31616.84,0.0794830937485811,6.53,1.41,-49.04,4.63,10.3614451690206
"365","Korea","KR",2019,18,33340.27,0.0545098751171842,6.4,0.9,-44.47,4.44,10.4145212546523
"366","Kuwait","KW",2015,18,39748.38,-0.0951112159332482,-364.92,21.57,-426.59,33.44,10.590324364535
"367","Kuwait","KW",2016,18,27031.27,-0.319940334675275,-478.97,8.7,-658.71,3.5,10.2047496229984
"368","Kuwait","KW",2017,18,24803.11,-0.0824289794745123,-489.79,7.74,-708.18,-4.63,10.1187243275166
"369","Kuwait","KW",2018,18,26819.57,0.0812986758515364,-448.54,10.31,-618.54,7.96,10.1968871238958
"370","Kuwait","KW",2019,18,30293.41,0.129526312315969,-408.2,16.56,-540.52,14.5,10.3186854760935
"376","Latvia","LV",2015,14,15822.28,0.0456704445045115,32.67,-1.44,52.12,-2.26,9.66917435230252
"377","Latvia","LV",2016,14,13763.94,-0.130091238430871,32.88,-1.36,52.89,-0.89,9.52980740770996
"378","Latvia","LV",2017,14,14231.41,0.0339633854840982,32.45,0.06,51.61,1.44,9.56320677261227
"379","Latvia","LV",2018,15,15650.25,0.0996977811755828,32.68,-0.52,56.64,1.02,9.6582421702816
"380","Latvia","LV",2019,15,17931.22,0.145746553569432,29.05,-0.74,48.52,-0.68,9.79429860667146
"381","Lebanon","LB",2015,5,8619.26,-0.029668572972486,108.09,-6.36,-70.99,-26.12,9.06175451310494
"382","Lebanon","LB",2016,5,8540.39,-0.00915043750855649,111.96,-7.91,-59.25,-17.09,9.0525619531872
"383","Lebanon","LB",2017,5,8530.36,-0.00117441943517793,116.42,-9.65,-65.9,-20.44,9.05138684358109
"384","Lebanon","LB",2018,5,8778.47,0.0290855251126563,118.74,-7.03,-61.11,-22.73,9.08005741176309
"385","Lebanon","LB",2019,3,9158.79,0.0433241783590992,122.73,-11.07,-36.55,-22.06,9.12246935287285
"396","Lithuania","LT",2015,14,16494.05,0.0549932935787856,34.11,-0.62,38.67,3.47,9.71075498879406
"397","Lithuania","LT",2016,14,14174.88,-0.140606461117797,36.83,-0.27,46.71,-2.44,9.55922666295165
"398","Lithuania","LT",2017,14,14904.01,0.051438177959884,36.12,0.23,47.95,-1.12,9.60938558324201
"399","Lithuania","LT",2018,15,16767.33,0.125021386861657,33.08,0.45,43.03,0.5,9.7271876292614
"400","Lithuania","LT",2019,15,19031.38,0.135027461140205,30.48,0.6,31.91,0.29,9.85384447473926
"401","Luxembourg","LU",2015,20,120418.88,0.047177789606442,-12.73,1.32,320.17,5.16,11.6987316101946
"402","Luxembourg","LU",2016,20,102613.35,-0.147863275260491,-13.89,1.4,348.65,5.07,11.5387233202134
"403","Luxembourg","LU",2017,20,105392.81,0.0270867289685015,-16.84,1.79,371.74,4.94,11.5654496964438
"404","Luxembourg","LU",2018,20,108661.91,0.0310182449827461,-17.21,1.35,377.6,4.9,11.5959965977165
"405","Luxembourg","LU",2019,20,117810.83,0.08419620085824,-15.82,2.66,335.58,4.77,11.6768354814577
"411","Malaysia","MY",2015,14,11183.81,0.0288930288185101,46.54,-3.02,14.37,4.32,9.32222247577421
"412","Malaysia","MY",2016,14,9663.14,-0.13597065758449,48.62,-2.94,21.07,2.99,9.17607392614852
"413","Malaysia","MY",2017,14,9523.15,-0.0144870093986013,47.3,-2.99,28.92,2.39,9.16148095540886
"414","Malaysia","MY",2018,14,9960.19,0.0458923780471798,55.1,-2.94,25.52,2.79,9.20635142670191
"415","Malaysia","MY",2019,14,11072.39,0.111664536519886,53.97,-3.75,25.32,2.11,9.31220990122554
"421","Malta","MT",2015,13,26321.95,0.095288900577023,57.64,-1.74,68.39,5.82,10.1781584708408
"422","Malta","MT",2016,14,24370.39,-0.0741419233757378,52.78,-1.02,69.14,2.79,10.1011241497739
"423","Malta","MT",2017,14,25426.64,0.0433415304391929,46.76,0.91,57.3,3.81,10.143552722278
"424","Malta","MT",2018,14,27740.29,0.0909931473446748,40.6,3.41,49.99,11.48,10.2306411480319
"425","Malta","MT",2019,14,30595.71,0.102934035657161,37.82,1.91,48.21,11.3,10.3286150820337
"426","Mexico","MX",2015,13,10943.9,0.0161193431188946,40.15,-2.54,43.09,-1.92,9.30053750239368
"427","Mexico","MX",2016,13,9632.59,-0.119821087546487,42.43,-2.74,46.81,-2.62,9.17290741982547
"428","Mexico","MX",2017,13,8772.25,-0.0893155423411565,43.54,-2.79,40.5,-2.24,9.07934860890367
"429","Mexico","MX",2018,13,9336.01,0.0642662942802588,40.86,-0.79,40.58,-1.68,9.14163424508835
"430","Mexico","MX",2019,13,9759.41,0.0453512796151674,40.37,-1.83,37.14,-1.72,9.18598722676024
"431","Mongolia","MN",2015,6,4080.95,-0.049668858750326,57.83,-11.28,136.08,-15.82,8.31408508343171
"432","Mongolia","MN",2016,5,3842.26,-0.0584888322571949,66.67,-8.53,178.21,-8.07,8.25381601412572
"433","Mongolia","MN",2017,5,3585.49,-0.0668278565219429,94.09,-15.29,252.05,-6.25,8.18465042430744
"434","Mongolia","MN",2018,6,3595.27,0.00272766065447128,85.5,-3.78,224.81,-10.11,8.1873743716465
"435","Mongolia","MN",2019,6,4035.27,0.122383019912274,74.89,2.6,189.3,-16.89,8.30282849296352
"436","Montenegro","ME",2015,7,7384.43,0.0277378419040435,56.85,-2.92,152.92,-12.41,8.90712900850665
"437","Montenegro","ME",2016,7,6516.49,-0.117536492322359,62.74,-8.28,157,-10.99,8.78209116640349
"438","Montenegro","ME",2017,7,7032.47,0.0791806632097956,61.14,-3.6,154.31,-16.24,8.85829327444663
"439","Montenegro","ME",2018,7,7803.67,0.109662750072165,60.08,-5.28,165.24,-16.08,8.96234941484175
"440","Montenegro","ME",2019,7,8767.75,0.12354187196537,61.6,-3.75,153.27,-17.16,9.07883549600758
"441","Montserrat","MS",2015,11,12274.51,-0.000791258385751448,-25.49,-6.16,-176.06,-19.88,9.41528003333235
"442","Montserrat","MS",2016,11,12884.18,0.0496695998455337,-21.37,18.82,-164.37,-1.28,9.46375548117001
"443","Montserrat","MS",2017,11,13297.67,0.032092845644814,-19.94,-0.37,-193.32,-11.71,9.49534411089271
"444","Montserrat","MS",2018,11,12730.1,-0.042681913447995,-17.93,1.18,-169.59,-9.65,9.45172454698014
"445","Montserrat","MS",2019,11,13356.12,0.0491763615368301,-14.76,-6.5,-175.59,-2.02,9.49972998574915
"446","Morocco","MA",2015,11,3219.46,0.0161089754514869,45.77,-4.9,37.29,-5.97,8.07696892261157
"447","Morocco","MA",2016,11,2918.89,-0.0933603772061153,46.98,-4.2,32.66,-2.14,7.97895868600565
"448","Morocco","MA",2017,11,2942.11,0.00795507881420687,48.85,-4.1,34.28,-4.21,7.98688228999334
"449","Morocco","MA",2018,11,3083.33,0.0479995649380887,48.15,-3.5,31.39,-3.7,8.0337654607567
"450","Morocco","MA",2019,11,3288.87,0.0666616936883175,49.52,-3.7,30.68,-5.5,8.0982993197162
"451","Mozambique","MZ",2015,5,651.03,0.0138601217821936,53.58,-1.7,199.13,-32.72,6.47855572409609
"452","Mozambique","MZ",2016,1,569.46,-0.125293765264273,76.94,-4.06,290.79,-37.41,6.34468854337046
"453","Mozambique","MZ",2017,1,414.06,-0.272890106416605,96.61,-7.98,357.15,-32.22,6.02601089086057
"454","Mozambique","MZ",2018,1,445.55,0.0760517799352751,96.27,-6.46,263.84,-19.56,6.09930947405873
"455","Mozambique","MZ",2019,4,482.05,0.0819212209628548,100.71,-9.24,293.87,-30.58,6.17804784311039
"456","Netherlands","NL",2015,20,53012.78,0.0141035448530296,61.42,-2.15,218.42,8.17,10.8782882955421
"457","Netherlands","NL",2016,20,45297.69,-0.145532643260738,58.77,-2.02,216.91,6.29,10.7210113167934
"458","Netherlands","NL",2017,20,46177.79,0.0194292468335582,56.3,0.02,208.45,8.06,10.7402542255485
"459","Netherlands","NL",2018,20,48817.91,0.0571729396318015,51.3,1.26,203.67,10.82,10.7958525327069
"460","Netherlands","NL",2019,20,53206.19,0.0898907798387927,46.87,1.49,176.22,10.87,10.8819300219447
"461","New Zealand","NZ",2015,18,43847.65,0.0804964981166074,20.42,-2.05,184.87,-2.42,10.688476404574
"462","New Zealand","NZ",2016,18,41634.32,-0.0504777336983853,20.21,-1.04,164.69,-3.32,10.6366801061239
"463","New Zealand","NZ",2017,18,36977.75,-0.111844507127773,20.03,-0.67,189.5,-2.13,10.5180716593908
"464","New Zealand","NZ",2018,18,41187.94,0.113857387212581,18.66,0.73,182.29,-2.48,10.6259007740406
"465","New Zealand","NZ",2019,18,42956.46,0.0429378114079024,18.25,0.16,160.01,-3.22,10.6679423235529
"468","Nicaragua","NI",2017,7,2099.2,0.0308134253234795,30.98,-1.17,112.51,-7.25,7.64931159874977
"469","Nicaragua","NI",2018,5,2164.66,0.0311833079268293,32.2,-1.25,105.38,-5.63,7.680018584224
"470","Nicaragua","NI",2019,5,2030.05,-0.0621852854489851,39.43,-3.11,116.9,0.63,7.61581570227438
"471","Nigeria","NG",2015,7,3072.93,0.0253490203406117,10.43,-1.76,2.63,0.17,8.03038678282776
"472","Nigeria","NG",2016,6,2647.63,-0.138402111339991,10.27,-3.5,28.42,-3.22,7.88142017919734
"473","Nigeria","NG",2017,6,2090.47,-0.210437258982562,12.55,-3.95,36.94,0.7,7.64514420005983
"474","Nigeria","NG",2018,6,1796.44,-0.14065258052017,14.18,-5.41,40.15,3.03,7.49356220772142
"475","Nigeria","NG",2019,6,1819.92,0.0130702945826189,13.67,-4.52,48.82,1.5,7.50654782306079
"476","North Macedonia","MK",2015,8,5500.26,0.0485733404251669,33.24,-4.21,25.11,-0.63,8.61255064283051
"477","North Macedonia","MK",2016,8,4864.03,-0.115672713653536,36.35,-3.44,26.86,-1.91,8.48962259139014
"478","North Macedonia","MK",2017,8,5152.6,0.059327347898759,38.6,-2.68,28.26,-2.9,8.54725672063062
"479","North Macedonia","MK",2018,8,5452.6,0.0582230330318674,40.36,-2.82,32.61,-0.86,8.60384783811852
"480","North Macedonia","MK",2019,8,6085.31,0.116038220298573,39.5,-1.08,24.37,-0.2,8.71363294907057
"481","Norway","NO",2015,20,97574.98,-0.0571646754631151,-175.74,8.62,-233.97,10.54,11.4883763870783
"482","Norway","NO",2016,20,74673.78,-0.234703609470379,-204.47,6.02,-290.84,7.92,11.2208843054885
"483","Norway","NO",2017,20,70782.36,-0.0521122675187997,-206.47,4.06,-330.45,4.02,11.1673650960958
"484","Norway","NO",2018,20,75764.54,0.0703873111888329,-220.78,5,-367.88,4.67,11.2353856521468
"485","Norway","NO",2019,20,81986,0.0821157232657916,-197.84,8.12,-285.07,7.2,11.3143037799628
"486","Oman","OM",2015,13,20207.08,-0.00836655204717729,-68.57,-0.9,-80.93,5.21,9.91378831702976
"487","Oman","OM",2016,11,16570.86,-0.179947820268936,-60.43,-17.48,-78.17,-15.87,9.71540101009975
"488","Oman","OM",2017,9,14834.88,-0.104761008179419,-29.59,-21.05,-16.95,-19.15,9.60473644371344
"489","Oman","OM",2018,9,15482.13,0.0436302821458616,-10.28,-13.87,22.63,-15.55,9.64744173457736
"490","Oman","OM",2019,9,17227.68,0.112746114391237,-4.94,-8.69,19.87,-5.48,9.75427267158775
"491","Pakistan","PK",2015,5,1313.77,0.0397945373528876,56.99,-5.52,92.58,-1.28,7.18065614567186
"492","Pakistan","PK",2016,6,1423.98,0.0838883518424078,56.49,-5.31,82.86,-1.03,7.26121104692947
"493","Pakistan","PK",2017,6,1436.36,0.00869394233065068,59.03,-4.64,92.7,-1.75,7.26986741456791
"494","Pakistan","PK",2018,6,1546.03,0.0763527249436076,59.41,-5.84,111.92,-4.14,7.34344563387501
"495","Pakistan","PK",2019,5,1565.12,0.0123477552182041,64.09,-6.53,140.07,-6.32,7.35571777735099
"496","Panama","PA",2015,12,12756.96,0.0772730727332607,18.03,-3.37,24.34,-13.38,9.45383228399994
"497","Panama","PA",2016,12,13606.6,0.0666020744754237,19.73,-2.54,43.96,-7.9,9.51831024812468
"498","Panama","PA",2017,12,14356.45,0.0551092851998296,20.44,-1.93,51.82,-8,9.571954597555
"499","Panama","PA",2018,12,15198.07,0.058623127583769,23.69,-1.86,65.34,-7.93,9.62892372508832
"500","Panama","PA",2019,13,15655.14,0.0300742133705134,26.16,-2.1,73.58,-7.79,9.65855457655029
"501","Papua New Guinea","PG",2015,7,2992.72,0.0687674990000571,18.06,-6.26,212.41,1.31,8.00393795185603
"502","Papua New Guinea","PG",2016,7,2742.9,-0.0834759015210242,24.45,-4.58,231.87,11.16,7.91677103383849
"503","Papua New Guinea","PG",2017,7,2567.58,-0.0639177512851362,29.45,-4.74,188.45,21.76,7.85071910003199
"504","Papua New Guinea","PG",2018,6,2706.38,0.0540586856105749,30.02,-2.52,151.53,21.72,7.90336722754856
"505","Papua New Guinea","PG",2019,6,2790.42,0.0310525499006051,28.4,-3.86,125.89,20.79,7.93394740112017
"506","Paraguay","PY",2015,9,6146.73,0.0299963805272365,4.31,-0.55,-13.96,-0.13,8.72367551207703
"507","Paraguay","PY",2016,9,5447.12,-0.113818241569094,6.72,-1.82,-6.55,-0.4,8.6028423076165
"508","Paraguay","PY",2017,9,5381.26,-0.0120907929327791,8.58,-0.4,-8.34,3.62,8.59067782647861
"509","Paraguay","PY",2018,9,5728.18,0.0644681728814442,10.62,-0.85,-9.04,3.11,8.65315313272774
"510","Paraguay","PY",2019,9,5847.29,0.0207936901424186,11.76,-1.23,-0.8,0.02,8.67373358503021
"511","Peru","PE",2015,13,6486.01,-0.0147079599503557,3.89,-0.27,5.71,-4.44,8.77740282864838
"512","Peru","PE",2016,13,6113.71,-0.0574004665426048,6.39,-2.15,20.87,-4.97,8.71828906920284
"513","Peru","PE",2017,13,6119.61,0.000965044138501847,8.1,-2.35,21.93,-2.6,8.71925364798562
"514","Peru","PE",2018,13,6661.09,0.0884827627904394,9.78,-2.93,16.73,-1.25,8.80403841380666
"515","Peru","PE",2019,13,6925.47,0.0396902008530136,12.08,-2.13,19.67,-1.59,8.84296119878857
"516","Philippines","PH",2015,12,2849.26,0.0291747486897191,27.19,1.05,-20.11,3.78,7.95481459042522
"517","Philippines","PH",2016,12,2882.7,0.0117363806742803,28.02,0.89,-20.76,2.48,7.96648263395133
"518","Philippines","PH",2017,12,2953.21,0.0244597079127209,28.7,-0.63,-25.36,-0.39,7.99064799333667
"519","Philippines","PH",2018,12,2989.09,0.0121494915701899,29.08,-0.47,-25.13,-0.68,8.00272427223545
"520","Philippines","PH",2019,13,3104.26,0.0385301212074578,29.06,-1.42,-18.59,-2.64,8.04053064068179
"521","Poland","PL",2015,14,14345.42,0.0415685875886704,46.83,-3.65,55.04,-2.09,9.57118600648111
"522","Poland","PL",2016,13,12566.07,-0.124036103508995,48.81,-2.62,56.21,-0.55,9.43875560353468
"523","Poland","PL",2017,13,12432.81,-0.010604747546369,50.71,-2.37,48.49,-0.52,9.42809422492513
"524","Poland","PL",2018,14,13861.87,0.114942639676791,47.66,-1.46,49.95,0,9.53689718427784
"525","Poland","PL",2019,14,15421.6,0.112519450838884,45.3,-0.24,36.57,-1,9.64352440308338
"526","Portugal","PT",2015,10,22048.07,0.0211704146824276,120.62,-7.36,262.22,0.16,10.0009803486995
"527","Portugal","PT",2016,10,19218.82,-0.128321889398936,122.08,-4.45,266.94,0.23,9.86364528625872
"528","Portugal","PT",2017,11,19961.22,0.0386288023926549,120.37,-1.89,242.95,1.09,9.90154667024206
"529","Portugal","PT",2018,11,21471.46,0.0756587022236115,115.99,-2.96,253.33,1.22,9.97447989042387
"530","Portugal","PT",2019,12,23399.16,0.0897796423717809,113.92,-0.45,216.79,0.39,10.0604554032656
"531","Qatar","QA",2015,18,92252.78,-0.0505655114241057,-96.08,16.21,-125.6,23.96,11.4322876969501
"532","Qatar","QA",2016,18,66747.07,-0.27647632949381,-113.04,-5.53,-153.92,8.5,11.108665680168
"533","Qatar","QA",2017,17,58415.74,-0.124819411548702,-120.47,-2.87,-151.58,-5.45,10.9753406530501
"534","Qatar","QA",2018,17,63190.57,0.0817387573965511,-93.07,-1.53,-102.33,3.85,11.0539103601414
"535","Qatar","QA",2019,17,71555.42,0.132374973037907,-84.64,7.64,-89.36,8.7,11.1782275333385
"541","Romania","RO",2015,11,10007.78,0.0492722139102921,32.28,-1.19,48.46,-0.67,9.21111806949106
"542","Romania","RO",2016,11,8952.65,-0.105430974701682,31.74,-0.61,40.07,-1.23,9.09970485682856
"543","Romania","RO",2017,11,9538.93,0.0654867553182579,29.89,-2.62,28.95,-2.08,9.16313659882286
"544","Romania","RO",2018,11,10776.42,0.129730483398033,29.05,-2.64,30.89,-3.19,9.28511569283179
"545","Romania","RO",2019,11,12265.43,0.1381729739561,29.83,-2.96,32.14,-4.6,9.41454001518933
"546","Russia","RU",2015,10,14253.34,-0.110038412355891,-0.09,-2.33,-26.37,2.76,9.56474654419761
"547","Russia","RU",2016,10,9356.43,-0.343562280840842,4.15,-3.39,-48.33,4.95,9.14381908645984
"548","Russia","RU",2017,10,8765.75,-0.0631309163858438,8.5,-4.46,-52.94,1.9,9.07860736129304
"549","Russia","RU",2018,11,10752.82,0.226685680061603,9.66,-1.46,-52.12,2.05,9.28292332473587
"550","Russia","RU",2019,11,11312.02,0.0520049624191607,5.37,2.92,-57.68,6.83,9.33362115616874
"551","Rwanda","RW",2015,7,728.75,0.0229649489745785,24.86,-4.02,46.62,-11.8,6.5913307376647
"552","Rwanda","RW",2016,6,732.54,0.0052006861063465,29.89,-4.97,66.86,-15.31,6.59651794690882
"553","Rwanda","RW",2017,6,736.96,0.00603380020203681,34.58,-3.35,94.02,-15.96,6.60253361663232
"554","Rwanda","RW",2018,6,774.66,0.0511561007381676,39.5,-4.57,103.03,-7.76,6.65242422341468
"555","Rwanda","RW",2019,7,786.05,0.0147032246404875,41.49,-4.79,108.92,-7.85,6.66702040363752
"556","Saudi Arabia","SA",2015,16,24580.47,-0.0125545384463659,-120.63,2.14,-225.28,9.75,10.109707504174
"557","Saudi Arabia","SA",2016,14,20756.36,-0.155575137497371,-121.75,-7.64,-309.45,-8.67,9.94060798471957
"558","Saudi Arabia","SA",2017,14,20317.87,-0.0211255730773605,-105.88,-15.9,-268.01,-3.7,9.91925607336348
"559","Saudi Arabia","SA",2018,14,21460.46,0.0562357176219752,-92.17,-6.6,-203.97,1.52,9.97396745118329
"560","Saudi Arabia","SA",2019,14,24256.06,0.130267477957136,-74.84,-2.28,-140.8,8.98,10.0964217620538
"561","Senegal","SN",2015,7,1394.8,0.294826449810158,36.74,-3.96,112.68,-6.81,7.2405063148015
"562","Senegal","SN",2016,7,1218.76,-0.126211643246343,38.85,-3.67,113.4,-5.32,7.1055892274066
"563","Senegal","SN",2017,7,1269.04,0.0412550461124421,42.97,-3.27,106.72,-4.19,7.1460159881002
"564","Senegal","SN",2018,7,1354.67,0.0674762024837674,44.13,-2.98,123.66,-7.3,7.2113131612171
"565","Senegal","SN",2019,7,1480.73,0.0930558733861382,50.8,-3.66,120.39,-8.22,7.30029048839694
"566","Serbia","RS",2015,8,6598.94,-0.0227846226750386,59.32,-6.2,71.05,-5.6,8.79466430905538
"567","Serbia","RS",2016,8,5585.12,-0.153633765422932,63.61,-3.46,70.59,-3.45,8.62786119739602
"568","Serbia","RS",2017,9,5756.38,0.0306636204772681,62.12,-1.19,63.4,-2.93,8.65806408389626
"569","Serbia","RS",2018,9,6284.2,0.0916930431972871,52.97,1.1,60.94,-5.25,8.74579382573092
"570","Serbia","RS",2019,10,7246.19,0.153080742178798,48.55,0.64,49.11,-5.19,8.88823109247476
"581","Singapore","SG",2015,20,57564.8,0.010486167271369,-82.08,8.4,-60.11,17.95,10.9606665487684
"582","Singapore","SG",2016,20,55645.61,-0.0333396450608706,-75.87,4.65,-64.62,17.22,10.9267584676981
"583","Singapore","SG",2017,20,56722.27,0.0193485164418181,-71.17,6.44,-69.08,17.5,10.9459221815617
"584","Singapore","SG",2018,20,60296.7,0.0630163426111121,-46.54,9.86,-69.46,16.37,11.0070326548496
"585","Singapore","SG",2019,20,64579.95,0.071036225863107,-52.36,3.5,-68.32,17.87,11.0756592700785
"586","Slovakia","SK",2015,16,18705.12,0.0249083177310467,48.64,-3.11,34.02,1.14,9.83655256215862
"587","Slovakia","SK",2016,16,16322.82,-0.127360850932793,46.61,-2.67,37.75,-2.09,9.70031940770856
"588","Slovakia","SK",2017,16,16531.01,0.0127545362872346,46.31,-2.48,39.91,-2.74,9.71299328997691
"589","Slovakia","SK",2018,16,17566.3,0.0626271474035767,44.9,-0.95,45,-1.91,9.77373757277823
"590","Slovakia","SK",2019,16,19466.87,0.108194098928061,42.66,-1.06,41.08,-2.64,9.87646932529914
"591","Slovenia","SI",2015,14,24257.69,0.0315459438863812,61.45,-5.51,75.76,5.11,10.0964889594979
"592","Slovenia","SI",2016,15,20896.55,-0.138559772179461,61.45,-2.85,76.21,3.82,9.94733935255672
"593","Slovenia","SI",2017,16,21646.18,0.0358733857981341,61.64,-1.93,67.54,4.81,9.98258427444465
"594","Slovenia","SI",2018,16,23506.77,0.0859546580505197,58.84,-0.01,62.56,6.13,10.0650437437501
"595","Slovenia","SI",2019,17,26143.96,0.112188531218879,52.34,0.77,45.93,5.67,10.1713734676708
"596","South Africa","ZA",2015,11,6503.84,-0.0579919846239189,43.4,-3.67,17.89,-5.07,8.78014805067905
"597","South Africa","ZA",2016,11,5797.49,-0.10860507023543,46.49,-3.73,8.37,-4.62,8.66518034424679
"598","South Africa","ZA",2017,9,5327.96,-0.0809884967460056,47.55,-3.57,29.62,-2.87,8.58072370468454
"599","South Africa","ZA",2018,9,6179.34,0.159794743203778,49.37,-4.02,45.64,-2.54,8.72896674863212
"600","South Africa","ZA",2019,9,6379.98,0.0324694870325957,53.08,-4.26,40.57,-3.55,8.76092024153768
"601","Spain","ES",2015,13,29480.91,0.0165715355652849,89.03,-5.92,244.91,1.7,10.2914982142122
"602","Spain","ES",2016,13,25739.45,-0.126911279197284,88.36,-5.18,255.51,2.03,10.1557801134005
"603","Spain","ES",2017,13,26548.38,0.0314276334575914,89.39,-4.31,239.56,3.18,10.1867240078593
"604","Spain","ES",2018,14,28210.39,0.06260306655246,87.93,-3.02,258.46,2.68,10.2474456287853
"605","Spain","ES",2019,15,30429.43,0.0786603800940009,86.51,-2.54,228.36,1.94,10.3231655112006
"606","Sri Lanka","LK",2015,7,3819.25,0.0578790069495803,70.7,-5.71,127.37,-2.5,8.24780934724583
"607","Sri Lanka","LK",2016,7,3844.51,0.00661386397852981,76.98,-7.57,136.61,-2.34,8.25440143558733
"608","Sri Lanka","LK",2017,7,3886.29,0.0108674447458843,77.77,-5.34,141.62,-2.12,8.26521025401861
"609","Sri Lanka","LK",2018,6,4104.63,0.0561821171348511,76.3,-5.47,143.12,-2.62,8.31987088384127
"610","Sri Lanka","LK",2019,6,4104.38,-6.09068296045789e-05,82.05,-5.26,139.1,-3.16,8.31980997515677
"611","Suriname","SR",2015,8,9378.77,0.00284640430275407,29.27,-5.86,13.37,-7.95,9.14620390333801
"612","Suriname","SR",2016,7,8439.08,-0.100193308930702,47.8,-9.83,52.91,-16.43,9.04062857690922
"613","Suriname","SR",2017,6,5434.42,-0.356041179844248,63.9,-11.28,72.28,-5.13,8.60050807812941
"614","Suriname","SR",2018,6,5502.37,0.0125036342424767,71.47,-9.32,57.83,1.9,8.61293418749681
"615","Suriname","SR",2019,6,5849.88,0.0631564216873821,66.53,-11.46,57.56,-3.41,8.674176427195
"616","Sweden","SE",2015,20,60161.49,-0.0166615833775465,29.15,-1.53,120.43,4.5,11.0047877256043
"617","Sweden","SE",2016,20,51670.49,-0.141136796977602,29.03,0,119.39,4.11,10.8526421044954
"618","Sweden","SE",2017,20,52354.43,0.0132365688809997,27.09,0.99,116.53,3.76,10.86579183545
"619","Sweden","SE",2018,20,54080.74,0.0329735229664423,24.82,1.43,120.26,2.79,10.8982333940552
"620","Sweden","SE",2019,20,54946.58,0.0160101359559799,24.18,0.81,119.74,1.72,10.9141167194963
"621","Switzerland","CH",2015,20,86090.23,0.0177754979331255,21.13,-0.21,24.22,8.63,11.3631512112712
"622","Switzerland","CH",2016,20,81640.69,-0.0516846104372122,20.8,0.64,26.86,11.25,11.3100830686274
"623","Switzerland","CH",2017,20,79732.19,-0.0233768234932851,19.53,0.33,29.16,9.46,11.2864286728228
"624","Switzerland","CH",2018,20,80143.81,0.00516253222192931,19.18,1.23,13.89,6.52,11.2915779248619
"625","Switzerland","CH",2019,20,82525.41,0.0297165807315625,17.23,1.39,16.69,10.5,11.3208615249005
"626","Taiwan","TW",2015,17,22846.19,0.0410098705104942,40.11,-0.84,-94.49,11.32,10.0365396428136
"627","Taiwan","TW",2016,17,22759.59,-0.0037905663920329,37.42,0.1,-110.84,13.61,10.0327418740183
"628","Taiwan","TW",2017,17,23076.02,0.0139031502764329,36.33,-0.31,-119.23,13.12,10.0465492620777
"629","Taiwan","TW",2018,17,25064.37,0.0861652052650326,34.77,-0.14,-111.82,14.06,10.1292025947318
"630","Taiwan","TW",2019,17,25786.51,0.028811416365143,33.62,0.02,-103.58,11.65,10.1576067659494
"634","Tajikistan","TJ",2018,5,800.99,0.00645850348683785,39.52,-5.06,76.31,2.22,6.68584846259592
"635","Tajikistan","TJ",2019,5,825.13,0.0301377045905691,40.75,-3.32,85.55,-5.03,6.7155409496785
"636","Thailand","TH",2015,13,5953.79,-0.034791842292977,20.12,0.01,-14.56,2.86,8.69178327054726
"637","Thailand","TH",2016,13,5844.88,-0.0182925497876143,20.86,0.97,-20.75,6.92,8.67332134332758
"638","Thailand","TH",2017,13,5987.98,0.0244829662884438,21.24,1.26,-25.17,10.53,8.69750940552058
"639","Thailand","TH",2018,13,6594.61,0.101307953600379,22.48,0.79,-26.37,9.65,8.79400792769396
"640","Thailand","TH",2019,13,7292.58,0.105839465866822,22.91,1.06,-24.93,5.63,8.89461267185654
"641","Trinidad and Tobago","TT",2015,15,20527.01,0.0150308756744781,19.58,-2.5,-68.31,14.5,9.92949685888031
"642","Trinidad and Tobago","TT",2016,14,18569.69,-0.09535339048405,37.53,-1.7,-80.8,6.96,9.8292859606156
"643","Trinidad and Tobago","TT",2017,13,16459.84,-0.113617944079842,31.75,-5.36,-89.28,-4.4,9.70867875364919
"644","Trinidad and Tobago","TT",2018,13,16566.56,0.0064836596224509,31.23,-8.88,-67.78,5.5,9.71514148476409
"645","Trinidad and Tobago","TT",2019,12,17516.51,0.0573414154779264,26.88,-3.53,-57.23,5,9.770899143734
"651","Turkey","TR",2015,10,12031.83,-0.0305425315992648,25.18,-0.79,121.03,-4.67,9.39531091710044
"652","Turkey","TR",2016,9,10938.74,-0.0908498540953454,23.62,-0.95,125.46,-3.73,9.30006589566839
"653","Turkey","TR",2017,9,10818.74,-0.0109701848658986,24.59,-1.72,131.65,-3.84,9.28903509460289
"654","Turkey","TR",2018,7,10555.17,-0.0243623564296767,24.01,-1.98,135.68,-5.55,9.26437106626357
"655","Turkey","TR",2019,7,9399.7,-0.109469577467724,26.96,-2.8,120.28,-3.51,9.14843305285519
"661","Uganda","UG",2015,6,716.64,0.046648167080473,20.27,-3.87,48.44,-7.78,6.57457362245899
"662","Uganda","UG",2016,6,625.18,-0.127623353427104,24.45,-4.38,61.67,-6.66,6.43803960827236
"663","Uganda","UG",2017,6,612.79,-0.0198182923318084,29.54,-4.86,65.55,-3.27,6.41802229975537
"664","Uganda","UG",2018,6,632.6,0.0323275510370602,30.31,-3.81,72.63,-5.47,6.44983831087155
"665","Uganda","UG",2019,6,672.93,0.0637527663610495,33.17,-4.52,81.14,-8.65,6.51164131234804
"666","Ukraine","UA",2015,5,2906.71,-0.263051277175635,68.06,-10.27,135.69,-3.48,7.97477713638067
"667","Ukraine","UA",2016,5,2112.64,-0.273185147469132,76.07,-3.16,152.25,1.78,7.65569362922477
"668","Ukraine","UA",2017,5,2183.46,0.0335220387761286,78.73,-2.17,143.11,-1.44,7.68866605354554
"669","Ukraine","UA",2018,5,2635.54,0.207047530066958,69.03,-1.38,119.33,-2.18,7.87684337356578
"670","Ukraine","UA",2019,6,3084.5,0.170348391600962,58.87,-2.11,103.62,-3.34,8.03414484864969
"671","United Kingdom","GB",2015,20,47429.67,0.0913450420767867,82.29,-5.56,285.98,-4.72,10.7670032612257
"672","United Kingdom","GB",2016,18,44979.13,-0.051666815307802,82.9,-4.59,284.88,-4.91,10.7139538833965
"673","United Kingdom","GB",2017,18,41041.28,-0.0875483807712599,82.5,-3.35,257.23,-5.21,10.6223336684421
"674","United Kingdom","GB",2018,18,40374.17,-0.0162546099926708,82.19,-2.44,273.89,-3.49,10.6059455030381
"675","United Kingdom","GB",2019,18,42981.29,0.0645739590436163,81.72,-2.29,236.68,-4.32,10.6685201837061
"676","United States","US",2015,19,54992.03,0.0360728054022259,78.56,-4.36,308.48,-2.08,10.9149435446234
"677","United States","US",2016,19,56750.9,0.031984089330763,78.59,-4,329.24,-2.24,10.9464267942487
"678","United States","US",2017,19,57844.33,0.0192671834279281,80.15,-4.79,339.14,-2.29,10.9655107157181
"679","United States","US",2018,19,59822.7,0.0342016235644875,80.67,-3.71,334.28,-2.26,10.9991404665716
"680","United States","US",2019,19,62765.33,0.0491891873820474,81.31,-6.03,316.17,-2.39,11.0471581299458
"681","Uruguay","UY",2015,12,16814.32,-0.00863930758187226,50.29,-2.87,37.04,-3.17,9.72998618327339
"682","Uruguay","UY",2016,12,15524.84,-0.0766893933266406,52.02,-3.52,40.76,-0.92,9.65019660079044
"683","Uruguay","UY",2017,12,15298.35,-0.0145888782106611,50.87,-2.4,37.38,0.62,9.63550025842778
"684","Uruguay","UY",2018,12,17221.4,0.125703098700187,55.9,-3.53,26.8,0.78,9.75390807549
"685","Uruguay","UY",2019,12,17279.26,0.0033597733053059,58.64,-2.69,31.14,-0.58,9.757262217367
"686","Venezuela","VE",2015,3,16056.16,0.287697621841239,21.16,-15.55,88.94,1.02,9.6838478555486
"691","Vietnam","VN",2015,8,2052.32,0.0758875212313113,45.9,-6.29,28.57,5.03,7.62672613955154
"692","Vietnam","VN",2016,8,2107.01,0.0266478911670696,49.26,-6.44,37.32,-1.06,7.65302515987741
"693","Vietnam","VN",2017,8,2214.53,0.0510296581411573,51.66,-3.86,37.84,0.3,7.70279547034758
"694","Vietnam","VN",2018,8,2388.99,0.0787796959174178,46.68,-4.72,34.39,-0.74,7.77862596146523
"695","Vietnam","VN",2019,9,2590.31,0.0842699215986673,42.61,-4.8,29,2.41,7.85953283865086
"696","Zambia","ZM",2015,6,1738.09,-0.0608979900583532,28.09,-4.77,43,2.14,7.46054208814399
"697","Zambia","ZM",2016,6,1319.42,-0.240879356074772,51.92,-9.41,90.73,-2.69,7.18494752507922
"698","Zambia","ZM",2017,6,1262.93,-0.0428142668748389,54.71,-5.75,110.49,-3.27,7.14118969721993
"699","Zambia","ZM",2018,5,1513.28,0.198229513908134,57.9,-7.59,112.04,-1.68,7.32203475945551
"700","Zambia","ZM",2019,4,1517.31,0.00266308944808635,67.9,-7.24,106.23,-1.28,7.32469430916393
