"","CountryName","Year","scale20","ln_S_GDPpercapitaUS","S_RealGDPgrowth","S_GGbalanceGDP","S_NetGGdebtGDP","S_CurrentaccountbalanceGDP","S_NarrownetextdebtCARs","ISO2"
"1","Argentina",2015,1,9.40997838336477,-0.0851896942578134,-6.77703826451608,44.2496998019835,-4.43038587600255,158.109372809922,"AR"
"2","Argentina",2016,5,9.52411345615821,0.124558715695181,-7.2741041007341,56.1114794405496,-5.66005437452229,197.09079271657,"AR"
"3","Argentina",2017,7,9.36400677552978,-0.144427144211489,-9.63315352611651,59.3863171252885,-5.74242154040655,196.930303982168,"AR"
"4","Argentina",2018,6,9.48697690797675,0.133785151596843,-9.09977564230978,63.673090875527,-8.04323813649671,236.19480530872,"AR"
"5","Argentina",2019,1,9.27236020167689,-0.18953210909807,-8.61407320831828,90.074257261026,-8.44452699667437,224.846232469587,"AR"
"6","Australia",2015,20,10.9575067909079,-0.0819721716887786,-5.60006652073373,25.6555562197742,-5.97809455025664,307.158739997355,"AU"
"7","Australia",2016,20,10.8553646052291,-0.092496427989015,-4.90739101667077,27.4366635256249,-6.69249389154314,309.60791113397,"AU"
"8","Australia",2017,20,10.7239209108689,-0.118615657485268,-5.18929924583197,29.9613750281618,-7.7947419031186,362.197201642073,"AU"
"9","Australia",2018,20,10.7979619088464,0.0814979531638026,-5.01968719525037,30.5569148412883,-5.42974362457888,314.807025838506,"AU"
"10","Australia",2019,20,10.8530203583273,0.0612591630523402,-4.07517761327089,32.1711118779585,-6.13366549820789,300.821215201568,"AU"
"11","Austria",2015,19,10.7953855833945,0.0219909736352914,-4.5597650642856,87.9375540573721,0.403222104314569,140.250256865657,"AT"
"12","Austria",2016,19,10.6363079540726,-0.144242959222067,-2.94098308212509,88.8925019436134,-0.440468230426265,152.46773309088,"AT"
"13","Austria",2017,19,10.6553788586042,0.0215932953593933,-3.5569011343237,85.9832797190773,0.471104832580349,144.383377145388,"AT"
"14","Austria",2018,19,10.7011324511517,0.04882069849055,-2.83128697798154,82.750889875859,-0.785850038180558,156.980281549708,"AT"
"15","Austria",2019,19,10.7790271873817,0.0825384079515705,-1.95087056048061,80.1104070318231,-0.0678152718837772,136.19498145437,"AT"
"16","Belgium",2015,18,10.7390990069345,0.0213438167408508,-4.04016208370092,103.762371742996,-0.426220922238191,83.9696093312505,"BE"
"17","Belgium",2016,18,10.5847431838097,-0.140672742801074,-3.46845925937429,102.647805623822,0.102228953504982,95.1309565881231,"BE"
"18","Belgium",2017,18,10.6071949679405,0.0249481241530859,-3.49376120751401,102.576755897871,-0.805726014653293,104.607024780677,"BE"
"19","Belgium",2018,18,10.6569326451399,0.0533341502770775,-1.92436180102162,99.8239079171354,-0.208743414357948,106.947671288599,"BE"
"20","Belgium",2019,18,10.7239883250371,0.071636781613301,-2.03515146459919,98.7611496807393,-2.52160543712461,103.026058252514,"BE"
"21","Brazil",2015,10,9.28987559933718,-0.0151004155708312,-8.91548584682767,59.824901898102,-7.6374636548292,76.2825577845471,"BR"
"22","Brazil",2016,9,8.9672410248257,-0.270756682710279,-13.2063446942417,65.0585127351817,-6.61526145904209,54.6701616357003,"BR"
"23","Brazil",2017,9,8.95246213683875,-0.0101325630324565,-12.0609185785979,67.6952082807601,-5.01746004654158,43.7399511411516,"BR"
"24","Brazil",2018,8,9.07665766763339,0.136731580465932,-10.8936673151183,71.7269251005579,-4.46140485657296,37.7539418899102,"BR"
"25","Brazil",2019,8,8.97432165865286,-0.0923769669488211,-10.2643591448816,72.5190421208946,-5.98577479778308,35.0801333829105,"BR"
"26","Bulgaria",2015,10,8.90056950297869,0.0286218407398038,-7.39815907071521,27.7037990730838,-0.968676392242046,30.5975823063067,"BG"
"27","Bulgaria",2016,10,8.7873025310115,-0.10419184145909,-3.78031692090747,28.8848375969882,-2.19411345374534,19.1443307158199,"BG"
"28","Bulgaria",2017,11,8.85197636638494,0.0692153730418787,-2.06815781210237,28.1568471619035,0.7845839318059,12.407989226489,"BG"
"29","Bulgaria",2018,11,8.94866606516425,0.103712255172119,-1.13900430752347,26.2881250761715,1.0098913517942,7.65742678203517,"BG"
"30","Bulgaria",2019,12,9.06997138752615,0.130699091513862,-0.55554123364775,24.5539431002379,2.79961588052196,6.09490651627405,"BG"
"31","Canada",2015,20,10.762674779058,-0.0332892012829634,-1.98720722173728,51.1704943721029,-4.86720460423929,137.279923928374,"CA"
"32","Canada",2016,20,10.6043718894903,-0.143041962995384,-2.33835654917711,52.9646657142937,-6.12461747511089,157.37177322368,"CA"
"33","Canada",2017,20,10.5731566243683,-0.0275770036632706,-2.78980069918987,54.5401699178483,-5.89334607067203,169.872369439602,"CA"
"34","Canada",2018,20,10.6335802677592,0.0653770401699935,-2.78700046339468,51.193609987569,-5.60932296704075,163.617207924951,"CA"
"35","Canada",2019,20,10.6534048616094,0.0231764334230336,-2.95938938182552,51.2019639625354,-5.54213598148647,150.750682129987,"CA"
"36","Chile",2015,17,9.5664637152056,-0.0737502949130009,-2.0480483737672,3.3831297898521,-2.39257273869847,30.3928815380754,"CL"
"37","Chile",2016,17,9.48773433982906,-0.0741876091302277,-2.67499544716554,5.59040014441313,-3.10361655021961,38.7069778835786,"CL"
"38","Chile",2017,16,9.49895469562866,0.0131006869828971,-3.29037371468166,10.263575756098,-2.41357640947714,35.7507293978273,"CL"
"39","Chile",2018,16,9.58662978653586,0.0937115698426365,-3.30356277572987,14.2796546564402,-3.0415717095312,46.043269489528,"CL"
"40","Chile",2019,16,9.64171149395608,0.0589800801938707,-2.21714091482756,16.6427960730019,-4.03019367107537,55.072612803173,"CL"
"41","China",2015,17,8.84342806370987,0.0846333997003907,-3.42687899210272,26.1807168040578,-0.908367008087317,-54.8720317717786,"CN"
"42","China",2016,17,8.88723272947116,0.0498156488872894,-5.2503344538857,76.7367447465821,-0.53959917996636,-56.7954205897624,"CN"
"43","China",2017,16,8.88798494031834,0.00517060939376407,-5.80653553445564,73.4577500221054,-1.58370709611643,-52.691441203995,"CN"
"44","China",2018,16,8.96508627246611,0.0840519733955883,-5.47384422417086,65.9770401393564,-1.87902052402882,-38.5663945877867,"CN"
"45","China",2019,16,9.07138979289356,0.115704982338079,-5.96742647249505,67.7502018449302,-3.20090738667395,-26.3013170067084,"CN"
"46","Croatia",2015,9,9.45491009598219,-0.0030676820377828,-7.13954986359574,83.8974438020714,-1.90569032838664,130.015658245744,"HR"
"47","Croatia",2016,9,9.30831837178422,-0.133189884405581,-5.22587092141317,86.0528078051146,1.10530012718318,123.588699910175,"HR"
"48","Croatia",2017,9,9.35355858621929,0.0488655863224139,-3.11159476536077,85.0951036869327,-0.0131089023977937,105.633731878874,"HR"
"49","Croatia",2018,10,9.43296809427695,0.0847912063832818,-1.28244842544307,82.6162298434078,1.50331588088131,93.811647861945,"HR"
"50","Croatia",2019,11,9.53649454837029,0.110604193772815,-1.88379624805166,80.1049907960344,-0.68044142183235,76.3646606041189,"HR"
"51","Czech Republic",2015,17,9.84465615998321,-0.00719823195459671,-3.31610825777975,40.4633710391263,-1.16053806475299,25.7693720972873,"CZ"
"52","Czech Republic",2016,17,9.73416251507948,-0.102951135842532,-1.88127679791809,39.402054927033,-1.35714978321091,23.5768491784171,"CZ"
"53","Czech Republic",2017,17,9.77443066788539,0.0425672007969297,-0.605320913179464,34.8941220028398,0.0875239765643034,17.516188442386,"CZ"
"54","Czech Republic",2018,17,9.87195413837584,0.103856729428439,0.179733663438978,31.1904224353047,-0.148616389203527,16.0931162282318,"CZ"
"55","Czech Republic",2019,17,9.99493268508337,0.132068518295669,-0.330156916754454,29.4588236009603,-1.3195174993356,17.9921392457764,"CZ"
"56","Denmark",2015,20,11.0054039107423,0.0228462358603653,0.127030047786621,30.7906404114642,7.64954063902102,71.4188550371956,"DK"
"57","Denmark",2016,20,10.8436717405372,-0.147158166581673,-2.41482034825529,28.9410073275968,6.93489057798135,73.28738042025,"DK"
"58","Denmark",2017,20,10.8671621759397,0.0258275941770029,-1.22471878568443,26.2504938735175,6.38264953035866,72.5707987690366,"DK"
"59","Denmark",2018,20,10.9084855711722,0.0443582995540735,0.219837098823488,23.859509316853,6.34502530024372,70.4642144450764,"DK"
"60","Denmark",2019,20,10.9774097832063,0.0734753715460759,-0.755940662303195,23.0094530337769,5.4373505720552,70.1895121955004,"DK"
"61","Egypt",2015,5,8.02793664483257,0.0272657785572475,-15.3233996759623,93.1281877250029,-4.6504562982061,65.6726722585211,"EG"
"62","Egypt",2016,5,8.09560586258436,0.0757268190006899,-14.845104174143,93.8618069732253,-7.44525484173573,71.3952429434155,"EG"
"63","Egypt",2017,5,8.06820715907559,-0.0211664813036438,-16.8807017570112,99.622378945179,-9.8066712808709,102.993614560683,"EG"
"64","Egypt",2018,6,7.67055684894267,-0.321989852344549,-13.7530429461972,103.464537131283,-10.0050113546038,109.457093421553,"EG"
"65","Egypt",2019,6,7.70940391983545,0.0447815108939549,-12.7576817390908,96.1886735538941,-6.29114650287741,109.875301308598,"EG"
"66","Estonia",2015,17,9.86743913961281,0.062443593362753,-0.852609250228776,2.73453162965463,-1.07426287894969,54.7942030194216,"EE"
"67","Estonia",2016,17,9.71202136727868,-0.141259204062646,-1.51063731735788,5.30573543412047,-0.12406986890475,58.1730865581733,"EE"
"68","Estonia",2017,17,9.75058616494641,0.041527000811612,-2.25389298750893,5.75533336132315,-0.308902407454596,56.6012535201318,"EE"
"69","Estonia",2018,17,9.85777469776669,0.115229709161478,-2.58524340216126,6.41177946307981,0.618064867960866,57.6883731892806,"EE"
"70","Estonia",2019,17,9.98651363668877,0.139418617141533,-2.45544335268716,6.62884484227881,-0.154008787651655,51.4462057695018,"EE"
"71","Finland",2015,19,10.7794385774691,0.00832234616178846,-4.25993973761707,28.3048220881241,-2.8257794550618,219.15276690873,"FI"
"72","Finland",2016,19,10.615435952272,-0.149023316677837,-3.76801830464834,30.5066042761142,-2.5056789101349,234.090832428433,"FI"
"73","Finland",2017,19,10.6359931979019,0.0228381500934572,-3.15334080211021,31.5821931060117,-3.68256681684375,248.352515081814,"FI"
"74","Finland",2018,19,10.6887928596669,0.0563207610602113,-2.19152331884501,29.3315491771566,-2.49224237833208,273.035294393407,"FI"
"75","Finland",2019,19,10.7669976647374,0.0833720541543498,-2.40862753054662,28.5832179775296,-3.18075184753279,235.608130882663,"FI"
"76","France",2015,18,10.6208605230562,0.00729168244740288,-5.30657208322639,95.232022983779,-2.5954625824246,272.917582297794,"FR"
"77","France",2016,18,10.4551371558968,-0.14986335720076,-5.1419198392453,95.9371738350791,-2.11283085654382,287.794925062239,"FR"
"78","France",2017,18,10.462996139067,0.0105274157993617,-5.14951857973828,98.9875566297166,-2.33220145233772,291.73183515848,"FR"
"79","France",2018,18,10.5063729762421,0.0469514530583119,-4.47743187276295,99.2959454858696,-2.6519281158602,318.93643813031,"FR"
"80","France",2019,18,10.5713216540639,0.0696199200658974,-4.33224081147976,99.4238388575499,-2.67865098636329,268.159898933247,"FR"
"81","Germany",2015,20,10.7326162179233,0.0383662652080773,-0.716729699521982,77.629679678113,5.67677876480924,99.8843766016445,"DE"
"82","Germany",2016,20,10.5787205629763,-0.139781964509686,-0.46109157435927,74.6725366576919,6.95012904082949,99.0709950106188,"DE"
"83","Germany",2017,20,10.5953703214028,0.0195722179261498,-0.322833752198161,71.8885623160279,6.73642292967383,95.5479571341957,"DE"
"84","Germany",2018,20,10.6435393046553,0.0521290544395514,-0.365752420503324,67.7375400900643,6.23163291266289,95.4781852710578,"DE"
"85","Germany",2019,20,10.7121871102122,0.0736832727007647,0.165876812708245,65.2684943413397,5.42144382593274,83.1518554667529,"DE"
"86","Greece",2015,4,9.88363144650231,-0.00378848457033797,-6.52448894501087,187.64594117285,-4.05834720584069,452.24906360007,"GR"
"87","Greece",2016,5,9.69506984030882,-0.165249689662847,-8.68323002919827,185.780114799012,-4.2825865271987,506.49623626452,"GR"
"88","Greece",2017,5,9.68855523961404,0.000160304423274028,-2.6577541013002,185.550212888248,-5.3279291086659,497.00092499789,"GR"
"89","Greece",2018,7,9.7251488616759,0.0434129604749102,-2.47101385591967,183.374337687436,-5.58287181393782,485.970345659346,"GR"
"90","Greece",2019,8,9.79126905060745,0.0737281889798446,-2.22079891016261,176.486600070704,-6.59144750885845,410.209861117233,"GR"
"91","Hong Kong",2015,20,10.4882915735271,0.0494951397731958,0.0502837727581684,-14.8475291964281,-2.21167197544642,-12.0424356511024,"HK"
"92","Hong Kong",2016,20,10.5329634990225,0.0521933445259722,-2.59387205971512,-14.8211163168686,-0.380730309126627,-15.2581056026064,"HK"
"93","Hong Kong",2017,19,10.5570924176947,0.0305015594813302,1.24693434776103,-16.6935383983773,0.184941143187119,-26.1270237410786,"HK"
"94","Hong Kong",2018,19,10.6066481355342,0.056585563465081,2.37615448666229,-20.9703616897109,0.819119795189505,-22.5748761615255,"HK"
"95","Hong Kong",2019,19,10.6526290516725,0.0526447816240101,-0.830734519479937,-20.4080415668627,0.417487815623996,-17.1877155050981,"HK"
"96","Hungary",2015,10,9.50600676801477,0.0412174988098198,-4.32443058350048,81.080863221213,-0.616479063391837,70.3566951624727,"HU"
"97","Hungary",2016,11,9.38536821745032,-0.111753215314516,-3.60984612494331,81.9785417588019,0.486919215364721,67.5023333109645,"HU"
"98","Hungary",2017,11,9.40980540257282,0.0264453265230827,-3.46445808002911,80.020260901543,2.58110253914267,61.8273822596079,"HU"
"99","Hungary",2018,11,9.5155912160726,0.113202403053082,-4.15003961945513,79.2252159879677,0.254225439426278,61.0102206189374,"HU"
"100","Hungary",2019,12,9.6255114300625,0.117515818092126,-4.11627028541038,75.8193282438155,-2.60320517565084,54.0345436767782,"HU"
"101","India",2015,11,7.2052652136492,0.084612264990374,-10.3047530949788,80.3929349830642,-5.25277220249385,56.1013092723606,"IN"
"102","India",2016,11,7.21781795474478,0.0194834671684515,-10.4032489507416,82.0447154519902,-5.0069188496928,55.6080414869508,"IN"
"103","India",2017,11,7.2845923641318,0.0757667400445217,-10.3810924215697,80.8066890433496,-4.59848542524636,49.8808548495442,"IN"
"104","India",2018,11,7.4127836317934,0.143752843069931,-10.3490832272783,80.9301236042376,-5.81210765803472,48.9349080118575,"IN"
"105","India",2019,11,7.41995512637761,0.0145679515420936,-9.40270833653462,80.757028465598,-6.10216031349421,51.4346859110119,"IN"
"106","Indonesia",2015,10,8.04752581106224,-0.0354563335706625,-5.23996324332179,38.0819157569083,-6.58865634825287,126.788922643403,"ID"
"107","Indonesia",2016,10,7.99770043103002,-0.0447293327329474,-5.73276044529107,40.5291255134155,-5.61034557235229,149.385293587761,"ID"
"108","Indonesia",2017,11,8.06185051160573,0.0698553507280001,-5.66566581767656,41.5653460729305,-5.45356846485185,144.873918274407,"ID"
"109","Indonesia",2018,11,8.13283591605499,0.0773185030247845,-5.6906641528655,41.6249194200165,-5.28193431119688,138.487122968256,"ID"
"110","Indonesia",2019,12,8.14340407068816,0.0146767499104202,-4.90720290999131,42.566895039552,-6.67489090619254,142.494223889061,"ID"
"111","Ireland",2015,16,10.8876710495597,0.0779628235543313,-4.68801368460396,100.016720353127,-0.176528502498959,351.552871973381,"IE"
"112","Ireland",2016,16,10.9962965229211,0.116885902900041,-3.0594809528688,74.5649363029364,3.06936403668916,277.581279926398,"IE"
"113","Ireland",2017,16,11.0148084943873,0.0205858012557938,-1.86461391721918,71.7684234673889,-5.58785272764958,248.234243862742,"IE"
"114","Ireland",2018,16,11.110652208829,0.10239565606053,-1.54934658231156,65.2892438099554,-0.97440250969792,236.270471582391,"IE"
"115","Ireland",2019,17,11.2304536893121,0.128903663999152,-1.25032283602639,60.259097937335,9.05310048519582,220.238822852476,"IE"
"116","Italy",2015,11,10.3962632606684,-0.00879833296941276,-5.4338551198826,139.833881747373,-0.852035890010143,270.304109757012,"IT"
"117","Italy",2016,11,10.229186152828,-0.150045825929637,-5.14510820559881,140.943338020567,-1.45488874088415,297.92829143145,"IT"
"118","Italy",2017,12,10.2500189291681,0.0239908761454571,-5.08757729553754,140.078011227262,-0.378188343796896,282.508092193487,"IT"
"119","Italy",2018,12,10.2930009509191,0.0463862231362058,-5.16408439655653,140.34239283365,-0.365205060545042,297.936150273682,"IT"
"120","Italy",2019,12,10.353329735081,0.064314069939398,-4.97974736387707,141.172500114384,-0.511180702719019,262.746940559343,"IT"
"121","Japan",2015,16,10.4690476951349,-0.0569927210609541,-7.5862625307214,161.252296383907,-2.20668312374852,-97.4345064912208,"JP"
"122","Japan",2016,16,10.3592293679083,-0.0995653571561465,-6.12874816692882,160.027661975517,0.00198066235676775,-90.5103378979084,"JP"
"123","Japan",2017,16,10.4706809758618,0.12194850471027,-6.27205067287173,162.116576644316,0.768009360138606,-77.2865598689216,"JP"
"124","Japan",2018,16,10.4577812843475,-0.00890643751746207,-5.69932442108202,161.758110376333,0.818520232705226,-63.1938230894753,"JP"
"125","Japan",2019,16,10.4774213701977,0.0232124191731242,-5.71824870465336,164.092288885035,0.098042083163004,-35.2216570446829,"JP"
"126","Korea",2015,17,10.2186234126493,0.0757919119322559,-1.17580285325245,18.0651155940341,3.48635415702523,11.03131934624,"KR"
"127","Korea",2016,18,10.1984049935384,-0.0176285111128349,-1.2927733872336,19.4047323907124,4.97714571110983,-0.217364532117088,"KR"
"128","Korea",2017,18,10.2157912174264,0.0193075068103243,-0.398132141681812,19.6795601655507,4.26983455525925,-11.9882108485007,"KR"
"129","Korea",2018,18,10.2905859274698,0.0792064183547439,-0.668667218352504,17.3671063291339,2.30723521636812,-13.6235253985816,"KR"
"130","Korea",2019,18,10.3419973400708,0.0543157525440625,-1.23761691856364,17.5340224484083,2.05599571024584,-8.20322723493756,"KR"
"131","Latvia",2015,14,9.61953460738889,0.0455584861867087,-2.74186099177439,39.4174097596123,-3.78847396031738,74.7464002083849,"LV"
"132","Latvia",2016,14,9.47846136465658,-0.129761505643365,-2.72297786970714,39.9572674368773,-2.48096226218584,76.6066993315955,"LV"
"133","Latvia",2017,14,9.51022976765788,0.0338746026157387,-1.36203643072041,39.8451818369623,-0.211236578250747,76.3696059029501,"LV"
"134","Latvia",2018,15,9.60369644146992,0.099429551095915,-1.99932960759527,40.3826916301191,-0.68963465627836,82.400559585688,"LV"
"135","Latvia",2019,15,9.73837118373985,0.145344637830332,-2.27010935813764,37.0244087641592,-2.44135378465428,75.1582715309753,"LV"
"136","Lithuania",2015,14,9.66069940550788,0.0548573655933464,-1.9366861892111,40.9374971444781,1.9263558181015,61.5618606233797,"LT"
"137","Lithuania",2016,14,9.50674320235193,-0.140242284643384,-1.67410529147211,44.1287520758258,-4.07294587007167,71.1541198748815,"LT"
"138","Lithuania",2017,14,9.55467500308635,0.0512993744921122,-1.25537407127263,43.8550776724968,-2.83579250702738,73.8155123779977,"LT"
"139","Lithuania",2018,15,9.67031004035921,0.124670849168957,-1.11516478854389,41.2414870786976,-1.29704575469649,70.2687462817822,"LT"
"140","Lithuania",2019,15,9.79505682867313,0.134636340239929,-1.03586605193186,39.0174353822673,-1.57902796568084,60.3455475188392,"LT"
"141","Malaysia",2015,14,9.20559351274495,0.0287293591531897,-6.17346870729168,61.8564169304606,0.711070492328324,59.3303041375746,"MY"
"142","Malaysia",2016,14,9.05462435664212,-0.135169548442151,-6.12737746061144,63.9395856621356,-0.69334718168355,65.6373056094611,"MY"
"143","Malaysia",2017,14,9.03557785670282,-0.0143986226580565,-6.19646654106101,62.5616620464344,-1.35191215967862,73.0037930359813,"MY"
"144","Malaysia",2018,14,9.07606627647236,0.0456029525810223,-6.15478745949124,70.2555469734411,-1.00059935061369,69.0474693381901,"MY"
"145","Malaysia",2019,14,9.1776264161061,0.110937850570307,-6.96391009614868,68.9817028263711,-1.72041816795558,68.2529316951216,"MY"
"146","Mexico",2015,13,9.20018716391706,0.0160404595879775,-5.46530389795007,54.8373614013231,-5.18697776711929,87.8376388452228,"MX"
"147","Mexico",2016,13,9.06822157626543,-0.119210040464899,-5.74395165889769,57.3871891787721,-5.99196405895442,91.8974184320341,"MX"
"148","Mexico",2017,13,8.97043922938957,-0.0888421826205278,-5.85793818190001,58.6861974562445,-5.70451569531622,85.7051174226861,"MX"
"149","Mexico",2018,13,9.02843608700059,0.0639126551970443,-3.91036015776449,56.1273994309004,-5.22865981324397,85.7150576807598,"MX"
"150","Mexico",2019,13,9.06876266932242,0.0450931054265311,-4.98844112567953,55.6908291179556,-5.33876569997418,82.0604447502369,"MX"
"151","Netherlands",2015,20,10.840093365427,0.0140768662155341,-3.06800973701218,66.0847457270399,7.03893967393374,234.001816747454,"NL"
"152","Netherlands",2016,20,10.6806760162559,-0.145242077973588,-3.0055952423783,63.8018930324545,5.08810188511708,233.750604258452,"NL"
"153","Netherlands",2017,20,10.6978247991642,0.0193884623884229,-1.03379219645059,61.7024495956111,6.78707486191055,226.554712983646,"NL"
"154","Netherlands",2018,20,10.7511420888713,0.0570465462957976,0.129787065853733,57.1174951101297,9.46793805566066,223.181958462995,"NL"
"155","Netherlands",2019,20,10.8349318946005,0.0896820075070767,0.281132662216104,53.114133494967,9.43690373985326,197.167890681358,"NL"
"156","New Zealand",2015,18,10.6360646521532,0.0802882900430097,-3.45150414969369,27.7047566737668,-4.05029192533411,209.268269456033,"NZ"
"157","New Zealand",2016,18,10.5810866882079,-0.0503393543660174,-2.55781077587998,28.1186766845133,-5.0688300848233,191.116537309017,"NZ"
"158","New Zealand",2017,18,10.459113916636,-0.111519614406566,-2.31217248682366,28.6008755383345,-4.00544972413387,218.041340071961,"NZ"
"159","New Zealand",2018,18,10.5636345981305,0.113508375109884,-1.03489230153956,27.8782145428229,-4.48052197822099,212.856709829491,"NZ"
"160","New Zealand",2019,18,10.6025024234552,0.0427995926893755,-1.72210779094972,28.079741878101,-5.34034345945826,192.447593202845,"NZ"
"161","Norway",2015,20,11.4480046741593,-0.0570504405138196,7.63323600083505,-170.701756403344,9.33688100999693,-217.107675197588,"NO"
"162","Norway",2016,20,11.1788073015362,-0.234214986208619,4.9778212434956,-199.13064894676,6.65914121088337,-272.950051099183,"NO"
"163","Norway",2017,20,11.1237229380114,-0.0519997846401138,2.96584165577818,-200.848274458607,2.70521935690521,-311.600611299215,"NO"
"164","Norway",2018,20,11.1904361020254,0.070230881733161,3.86165617925045,-214.918370386182,3.30954307632688,-348.218980068842,"NO"
"165","Norway",2019,20,11.2682299024517,0.0819287160838442,6.94313642978427,-191.769375173167,5.79983049569918,-264.704714516821,"NO"
"166","Poland",2015,14,9.51649110496628,0.0414564484471093,-5.13479901883918,54.561997043105,-3.80520668883205,80.8955329290337,"PL"
"167","Poland",2016,13,9.38235045576003,-0.123691176547837,-4.1677226082531,56.8784575006079,-2.32928759592004,83.1505432305157,"PL"
"168","Poland",2017,13,9.36998603361924,-0.0105743797027243,-3.98068845785163,59.1137732414301,-2.36339252750054,76.5015953025754,"PL"
"169","Poland",2018,14,9.47707472107909,0.114603923054119,-3.13424675052743,56.4006991420532,-1.90811632151882,79.0268787844876,"PL"
"170","Poland",2019,14,9.58222586875646,0.112179818298647,-1.96901357582258,54.3296542951718,-2.96392732979202,66.5513038532502,"PL"
"171","Portugal",2015,10,9.92570111238791,0.0210922110598271,-9.59322513045044,132.229629929725,-2.32403063512422,299.818865872585,"PT"
"172","Portugal",2016,10,9.78470269267884,-0.127825252195744,-6.80582792429149,134.287266878802,-2.38389732194094,306.153963049481,"PT"
"173","Portugal",2017,11,9.81938472394991,0.038473326920154,-4.34856776482607,133.065655344373,-1.63450770841092,283.427114794642,"PT"
"174","Portugal",2018,11,9.88908038302644,0.0753424416047526,-5.5165043335741,129.138656309064,-1.61191038395228,294.924047160658,"PT"
"175","Portugal",2019,12,9.97189932688108,0.0893907881087894,-3.09626544274524,127.47100449076,-2.54250518381149,259.322330219711,"PT"
"176","Romania",2015,11,9.14338176400351,0.0491081322783817,-3.15612217170147,42.5433400339744,-2.87658093842198,82.1965509004831,"RO"
"177","Romania",2016,11,9.02783269539523,-0.105058823968207,-2.72463446000392,42.7585803620921,-3.59009349569984,76.0078022905964,"RO"
"178","Romania",2017,11,9.08684435112839,0.0652416532969048,-4.88768042677516,41.6690630112028,-4.60032693580018,67.0137962968205,"RO"
"179","Romania",2018,11,9.20420350609963,0.129216119277471,-5.05928518584213,41.5603909328108,-5.87199419109441,70.8945721396564,"RO"
"180","Romania",2019,11,9.32911346525268,0.137595218679655,-5.51729802029213,42.9822712050637,-7.43279002528,73.7427192231686,"RO"
"181","Russia",2015,10,9.49678739878671,-0.109670787767089,-4.3042251167015,10.214931335433,0.545081744295681,7.489863444443,"RU"
"182","Russia",2016,10,9.07170665520917,-0.342345591686492,-5.51312208587212,15.2112620041846,2.58108153790236,-12.2703240914458,"RU"
"183","Russia",2017,10,9.00175160839508,-0.0628929198184621,-6.74667056345406,20.3719692345481,-0.640395063908684,-14.6235551749119,"RU"
"184","Russia",2018,11,9.20119946016285,0.225778068240021,-3.90488783495573,22.2913549644067,-0.659669192773157,-11.8059275072689,"RU"
"185","Russia",2019,11,9.24716418074896,0.0517849426536958,0.332772049681518,18.6578732629033,3.96391750448997,-15.7549965130227,"RU"
"186","Singapore",2015,20,10.8496531438823,0.0104295479274973,5.30478511089008,-66.8657250970088,14.4429710260125,-14.9170807180479,"SG"
"187","Singapore",2016,20,10.8092452555623,-0.033149396531084,1.4892299756267,-60.5474541981219,13.5965331290442,-19.7198179479702,"SG"
"188","Singapore",2017,20,10.821745913747,0.0192320384790424,3.23960488635712,-55.8794651512401,13.7796729894689,-24.7971930693716,"SG"
"189","Singapore",2018,20,10.8758193329859,0.0626161835015762,6.64468102385768,-31.412439870129,12.570161383016,-26.057767982748,"SG"
"190","Singapore",2019,20,10.9374057808619,0.0705617634982424,0.293105507629973,-37.4966688620208,14.011246776519,-25.9128301389274,"SG"
"191","Slovakia",2015,16,9.78706952189547,0.0248474468902601,-4.40628654133964,55.3572845589148,-0.382767539754858,56.5464256830467,"SK"
"192","Slovakia",2016,16,9.64777436239603,-0.127030599118776,-4.07634006274731,53.9207748218911,-3.72522587290645,62.2334951501331,"SK"
"193","Slovakia",2017,16,9.65763747989883,0.0127197184676707,-3.98907025185336,54.1719311043629,-4.47992876648818,66.1857282426213,"SK"
"194","Slovakia",2018,16,9.71576893591548,0.0624482322770333,-2.5555203793932,53.2763066512681,-3.7481308454789,72.9242618444575,"SK"
"195","Slovakia",2019,16,9.81635070500908,0.10787371432418,-2.74523526064714,51.4587808401206,-4.55931053716088,70.3393695962011,"SK"
"196","Slovenia",2015,14,10.0446220308307,0.0314651860170336,-6.89177686545025,68.6285581324291,3.49984154488491,99.8098450969646,"SI"
"197","Slovenia",2016,15,9.89367284728815,-0.13819291523666,-4.29716541678424,68.9801727525875,2.14314238867171,101.409977293951,"SI"
"198","Slovenia",2017,16,9.92752589108145,0.0357759762219852,-3.42813989557471,69.4434393486404,3.08120376800399,93.6267531555378,"SI"
"199","Slovenia",2018,16,10.0087798806108,0.0857162205729392,-1.5525109401336,66.8806400006677,4.35601873569436,89.4112214619533,"SI"
"200","Slovenia",2019,17,10.1141337212488,0.111872000209149,-0.808549620568979,60.5728030536101,3.85932747012656,73.3968053986738,"SI"
"201","South Africa",2015,11,8.67982572224876,-0.0577082654079564,-6.59475304218735,58.0853621804503,-8.33626695256834,62.634669824281,"ZA"
"202","South Africa",2016,11,8.55934660148491,-0.108045307249476,-6.75257172253137,61.5056361732012,-8.01807175552764,53.5092222375313,"ZA"
"203","South Africa",2017,9,8.46935878835791,-0.0805498584458629,-6.66947769363014,62.7740131026595,-6.38389943937883,74.8066231872983,"ZA"
"204","South Africa",2018,9,8.61190818594944,0.158886320048351,-7.17707796433509,64.6897176700754,-6.15604275720578,90.5718197396012,"ZA"
"205","South Africa",2019,9,8.63845257282775,0.0322766288929233,-7.45274090741569,68.3911977518878,-7.2475765966724,85.0357068192002,"ZA"
"206","Spain",2015,13,10.2107771893399,0.0165059837492598,-8.33320775918843,101.51156085359,-0.975442549646718,284.840285579125,"ES"
"207","Spain",2016,13,10.0711700467719,-0.126385578894432,-7.7131526330564,101.401875845385,-0.776100551839126,296.846070858443,"ES"
"208","Spain",2017,13,10.0987186937135,0.0312923419418752,-6.94103112971202,102.873686080261,0.264737205313414,281.9393657229,"ES"
"209","Spain",2018,14,10.1561294018134,0.0623236598887016,-5.73977840176087,101.799570076614,-0.336849663276662,301.690771892549,"ES"
"210","Spain",2019,15,10.2285868376676,0.0782970586924947,-5.34034876406392,100.714942234751,-1.17190221403698,272.271656556524,"ES"
"211","Sweden",2015,20,10.9605470490305,-0.0166251320358009,-2.64430271955814,34.8811178647506,3.1643781620275,139.649892779808,"SE"
"212","Sweden",2016,20,10.8059408640373,-0.140811051780096,-1.19855496024433,35.2182395193479,2.68750716399892,140.150421675836,"SE"
"213","Sweden",2017,20,10.8167416305845,0.0132045009027979,-0.290925237651417,33.7242386328914,2.2529640472143,138.780489743324,"SE"
"214","Sweden",2018,20,10.8468408755152,0.0328898726991904,0.0653473452422151,31.9062947669346,1.19732714046456,144.006422528873,"SE"
"215","Sweden",2019,20,10.8605046580859,0.0159677892456872,-0.635178035945092,31.6995031487152,0.0451682244818736,144.905225373356,"SE"
"216","Switzerland",2015,20,11.3275760575315,0.0177441591761005,-1.04842664826647,25.3628912310754,7.58302633785876,38.3143687994321,"CH"
"217","Switzerland",2016,20,11.2728831876151,-0.0515893658866446,-0.247362727582916,25.2983588632026,10.1512281833894,41.8695208507812,"CH"
"218","Switzerland",2017,20,11.247673190044,-0.0233319605642034,-0.605494137851125,24.2897044760163,8.31056715969878,45.0679421030229,"CH"
"219","Switzerland",2018,20,11.2510613306061,0.00515217903381679,0.238579509867741,24.24354536319,5.31201818660718,30.8388445217055,"CH"
"220","Switzerland",2019,20,11.2783467330435,0.029654077698816,0.333386676372198,22.6477767970269,9.22414541264499,34.8468495526825,"CH"
"221","Taiwan",2015,17,9.95392412849181,0.0408439190708214,-3.31262698803341,52.8714896805378,8.58020347340124,-53.8470509040727,"TW"
"222","Taiwan",2016,17,9.94739995881513,-0.00377473192083562,-2.45481264281022,50.5609481938811,10.7799639752114,-69.2644580845326,"TW"
"223","Taiwan",2017,17,9.95893462837474,0.0138435590999873,-2.9301134245567,49.7651876600556,10.2170488326921,-76.9618919177961,"TW"
"224","Taiwan",2018,17,10.0394585633495,0.085787110985849,-2.81849052253239,48.461978710836,11.0907657721722,-68.9731694757379,"TW"
"225","Taiwan",2019,17,10.0657568695308,0.0286820924116094,-2.71343430581431,47.5475040943977,8.6172507464569,-60.2272130967226,"TW"
"226","Turkey",2015,10,9.32321391916679,-0.0304343912170108,-2.9125774221461,36.2385247305359,-7.03835195967729,157.081868462631,"TR"
"227","Turkey",2016,9,9.22488403543109,-0.090514680259771,-3.17989231683946,35.2131832521766,-6.21052725498422,163.013455680084,"TR"
"228","Turkey",2017,9,9.21073812151632,-0.0109280680364027,-4.05463541479021,36.6950431796275,-6.43129972891151,170.592781901864,"TR"
"229","Turkey",2018,7,9.18292045395745,-0.0242651331483111,-4.41630555785214,36.6008958779659,-8.25037855147826,175.890951942695,"TR"
"230","Turkey",2019,7,9.06391472520234,-0.109016606679272,-5.33041635624037,39.9893109255347,-6.31308499443302,161.585488582502,"TR"
"231","United Kingdom",2015,20,10.7282135990162,0.0911695868723748,-6.49656527998368,87.0555225555052,-5.87055729013968,301.907911580919,"GB"
"232","United Kingdom",2016,18,10.6734113298761,-0.051563134498146,-5.58225585263524,87.9680844695236,-6.11885397025968,301.844362868779,"GB"
"233","United Kingdom",2017,18,10.5802409738093,-0.0873660488491282,-4.39269466742434,87.8421541989238,-6.47139506136507,275.129494173447,"GB"
"234","United Kingdom",2018,18,10.5622884893864,-0.0162195130565897,-3.53465659411684,87.8144315771936,-4.80529648812747,292.748562043191,"GB"
"235","United Kingdom",2019,18,10.6233988072422,0.0644299068164996,-3.4342002676399,87.6134146318379,-5.68650085224479,256.44829975339,"GB"
"236","United States",2015,19,10.814086411773,0.0358954060073638,-7.29517614627072,93.2829616990303,-5.35976712063742,353.279594128208,"US"
"237","United States",2016,19,10.8411263777646,0.031820048712976,-7.01403520927948,93.5791474234668,-5.62603025169846,374.35705772741,"US"
"238","United States",2017,19,10.8562137544794,0.0191647165279212,-7.86319069756271,95.3100125271958,-5.76252625139446,384.34623372417,"US"
"239","United States",2018,19,10.8859833703636,0.0340134881430919,-6.82991705285403,95.9365618361686,-5.80790085114008,379.416547226751,"US"
"240","United States",2019,19,10.9301051398117,0.0489095628439723,-9.1870318987636,96.6296787781585,-6.00595109929152,361.102198064172,"US"
"241","Vietnam",2015,8,7.50355039511393,0.0754342474837865,-9.48611547126092,61.2036179271502,1.32282477679986,72.9617190612594,"VN"
"242","Vietnam",2016,8,7.52408271940875,0.0264815099867281,-9.6532771859793,64.4527684742599,-4.83658291459478,81.0246002664436,"VN"
"243","Vietnam",2017,8,7.56847236364224,0.0506981905551821,-7.07419811762009,66.6813989830567,-3.52821638262192,80.8098224100373,"VN"
"244","Vietnam",2018,8,7.63884071022657,0.0782478852333398,-7.92243603653006,61.4756021910923,-4.60916237263545,76.5768024781888,"VN"
"245","Vietnam",2019,9,7.71411362805101,0.0836789435518317,-7.97932313369293,57.1336045536599,-1.49103781370366,70.3933830992091,"VN"
